city,category,payment method,device type,promotion used,customer segment,order value,items sold,shipping cost,delivery time,product rating,discount,date
Bursa,Clothing,Credit Card,Desktop,Yes,New,477.75,10,32.34,6,4.7,113.97,2020-04-01
Ankara,Toys,Debit Card,Desktop,No,Returning,369.63,4,34.56,2,4.6,103.36,2023-11-01
Samsun,Clothing,E-Wallet,Desktop,No,Returning,264.94,3,24.97,3,3.4,22.84,2011-05-01
Diyarbakır,Clothing,E-Wallet,Mobile,Yes,New,353.31,8,36.25,4,3.6,59.85,2017-02-01
Bursa,Clothing,Credit Card,Desktop,Yes,Returning,354.79400000000004,6,43.16,4,4.2,7.82,2013-06-01
Samsun,Clothing,Clothing,Desktop,Yes,Returning,261.6,4,37.59,6,4.3,65.53,2020-11-01
Ankara,Clothing,Cash On Delivery,Desktop,Yes,New,356.74,10,49.57,4,4.02,70.95,2020-11-01
İstanbul,Clothing,E-Wallet,Desktop,No,Returning,426.42,5,60.29,5,3.9,69.84,2023-03-01
Trabzon,Home,Credit Card,Tablet,No,Returning,74.79,4,9.8,1,3.9,22.11,2022-06-01
Malatya,Beauty,Clothing,Desktop,No,New,370.41,7,19.13,6,3.3,26.92,2012-05-01
Gaziantep,Beauty,Debit Card,Tablet,Yes,New,170.2,7,20.32,7,4.7,1.61,2020-05-01
Diyarbakır,Clothing,Cash On Delivery,Tablet,No,Returning,423.99,6,62.97,2,3.8,41.87,2019-02-01
Van,Toys,E-Wallet,Tablet,Yes,New,361.8,4,23.484,5,3.9,17.07,2015-08-01
Gaziantep,Home,Debit Card,Mobile,Yes,Returning,78.82,1,4.05,7,3.9,4.05,2014-07-01
Ankara,Clothing,Cash On Delivery,Desktop,Yes,New,399.63,10,58.21,4,4.8,3.22,2015-07-01
Kayseri,Electronics,Cash On Delivery,Desktop,Yes,Returning,388.44,2,29.67,3,3.6,102.49,2011-10-01
Trabzon,Home,E-Wallet,Tablet,No,New,254.53,7,19.91,5,4.6,37.49,2023-04-01
Kayseri,Clothing,Credit Card,Desktop,Yes,Returning,268.32,5,38.01,4,4.8,8.58,2016-03-01
Konya,Home,Cash On Delivery,Tablet,Yes,Returning,275.67,4,32.05,4,4.8,72.24,2011-05-01
Ankara,Books,Debit Card,Mobile,Yes,New,196.72,7,16.6,7,4.6,25.98,2014-10-01
Van,Beauty,Debit Card,Mobile,No,Returning,450.75,7,37.964,5,4.8,84.73,2014-12-01
Gaziantep,Beauty,Debit Card,Mobile,No,New,85.15,9,5.13,1,3.9800000000000004,19.82,2018-01-01
Eskişehir,Clothing,E-Wallet,Tablet,Yes,Returning,176.65,3,22.43,4,4.8,6.11,2016-05-01
Ankara,Home,Debit Card,Tablet,No,New,274.12,1,35.45,1,3.4,73.89,2017-03-01
Samsun,Toys,Debit Card,Desktop,Yes,New,269.09,5,15.99,7,3.6,76.76,2019-10-01
Konya,Beauty,Cash On Delivery,Mobile,Yes,New,211.57,2,18.65,5,3.2,9.55,2018-04-01
Van,Beauty,Credit Card,Tablet,Yes,Returning,366.0,5,51.88,3,4.6,18.55,2011-03-01
Ankara,Home,Credit Card,Desktop,No,Returning,344.27,4,41.93,7,3.6,79.89,2018-12-01
Kayseri,Electronics,Credit Card,Desktop,No,Returning,367.9,9,37.46,7,3.3,56.25,2017-11-01
Trabzon,Electronics,Debit Card,Desktop,Yes,New,111.71,2,7.48,1,3.3,15.87,2012-04-01
Eskişehir,Beauty,Clothing,Mobile,Yes,New,287.7,3,29.6,5,4.8,19.34,2023-08-01
Samsun,Electronics,Credit Card,Desktop,No,New,158.46,3,8.52,5,4.2,19.13,2016-08-01
İzmir,Electronics,Credit Card,Tablet,No,New,491.16,9,29.13,5,4.9,40.66,2013-05-01
İstanbul,Clothing,Debit Card,Desktop,No,Returning,99.3,2,7.36,3,3.1,12.0,2011-12-01
Eskişehir,Home,Cash On Delivery,Desktop,Yes,Returning,138.08,7,23.332,4,4.4,20.32,2021-11-01
Gaziantep,Toys,Cash On Delivery,Desktop,Yes,Returning,328.628,8,40.48,6,4.0,123.32,2017-08-01
Malatya,Electronics,Credit Card,Tablet,Yes,Returning,495.36,9,50.29,6,4.6,69.93,2016-01-01
Ankara,Clothing,E-Wallet,Desktop,Yes,Returning,374.39,8,30.61,7,3.6800000000000006,107.58,2013-12-01
Adana,Toys,Clothing,Tablet,No,New,119.02,5,8.83,5,3.8,10.87,2010-12-01
Bursa,Home,Cash On Delivery,Desktop,No,Returning,495.03,8,41.617999999999995,6,3.9,127.41,2022-07-01
İstanbul,Electronics,Debit Card,Mobile,No,Returning,340.75,9,37.23,6,4.4,17.51,2017-12-01
Bursa,Toys,E-Wallet,Mobile,No,Returning,114.47199999999998,3,8.06,5,3.8,10.94,2023-07-01
Malatya,Home,Credit Card,Tablet,No,New,379.35,2,21.07,6,3.4,108.49,2015-08-01
Ankara,Toys,Cash On Delivery,Mobile,Yes,Returning,268.06,4,29.51,7,3.5,34.76,2014-07-01
Trabzon,Electronics,Debit Card,Desktop,Yes,Returning,321.382,6,33.67,2,4.7,43.863488,2022-10-01
İstanbul,Books,E-Wallet,Mobile,Yes,Returning,121.84,10,15.91,7,4.8,14.442000000000002,2022-10-01
Trabzon,Beauty,Debit Card,Desktop,No,Returning,106.37,4,11.88,4,3.6,13.38,2018-02-01
Malatya,Toys,Credit Card,Desktop,No,Returning,225.25,8,21.42,3,5.0,49.06,2017-04-01
Eskişehir,Beauty,Credit Card,Desktop,Yes,New,316.162,9,36.92,1,3.6,53.67,2019-08-01
Van,Beauty,E-Wallet,Mobile,No,Returning,433.76,1,23.41,4,3.1,21.35,2023-06-01
Van,Books,Debit Card,Desktop,No,New,194.81,4,6.48,6,4.4,5.59,2018-07-01
Van,Home,Debit Card,Desktop,No,Returning,169.54,2,18.14,3,3.7,30.764,2010-11-01
Eskişehir,Beauty,Cash On Delivery,Desktop,No,Returning,188.03,10,22.24,4,4.0,39.41,2015-09-01
Adana,Clothing,E-Wallet,Mobile,No,Returning,239.68,1,32.47,7,3.6,21.8,2012-04-01
Malatya,Electronics,Cash On Delivery,Desktop,Yes,New,229.89,7,31.97,7,3.9,61.782000000000004,2019-11-01
Ankara,Clothing,Debit Card,Mobile,No,New,59.18,6,8.07,5,4.3,1.39,2017-04-01
Ankara,Clothing,Cash On Delivery,Tablet,No,New,291.93,7,40.19,4,4.6,54.74,2012-01-01
Van,Clothing,Debit Card,Desktop,Yes,Returning,369.6,4,29.524,2,3.6,51.93,2014-09-01
Kayseri,Clothing,E-Wallet,Mobile,No,New,301.2,3,35.82,3,3.9,86.73,2023-12-01
Malatya,Clothing,E-Wallet,Mobile,No,Returning,318.54,6,41.97,6,3.7,82.93,2018-07-01
Kayseri,Clothing,Clothing,Tablet,No,New,481.03,5,44.85,3,4.6,50.05,2011-06-01
Eskişehir,Books,E-Wallet,Tablet,Yes,Returning,286.29,3,20.02,1,3.4,27.17,2013-02-01
Ankara,Electronics,Cash On Delivery,Tablet,No,New,80.2,8,8.5,4,4.1,15.1,2010-04-01
Diyarbakır,Books,Debit Card,Mobile,No,New,324.01,8,18.24,7,3.7,72.41,2021-12-01
İzmir,Beauty,Cash On Delivery,Mobile,Yes,New,150.2,2,10.85,2,4.7,28.09,2014-08-01
Adana,Home,Credit Card,Tablet,No,Returning,133.96,4,9.03,2,4.3,18.96,2020-08-01
Trabzon,Books,Debit Card,Desktop,No,New,478.9,6,48.66,5,4.3,74.63,2016-09-01
Konya,Electronics,Cash On Delivery,Tablet,No,New,496.99,4,50.82,4,4.48,139.06,2020-02-01
Diyarbakır,Books,Cash On Delivery,Tablet,No,New,165.36,6,19.42,2,3.6,22.47,2010-06-01
Trabzon,Books,Credit Card,Desktop,Yes,New,446.93,8,66.77,1,3.9,81.95,2016-07-01
Ankara,Clothing,Debit Card,Desktop,Yes,Returning,457.67,7,66.29,7,4.5,118.24,2023-12-01
Trabzon,Clothing,Clothing,Tablet,Yes,Returning,61.04,3,3.95,6,3.9,2.71,2023-06-01
Van,Books,Credit Card,Tablet,Yes,New,244.82,2,19.24,6,4.3,9.79,2022-03-01
Ankara,Beauty,Clothing,Desktop,Yes,Returning,353.87,3,41.79,2,3.8,25.23,2019-08-01
Antalya,Home,Clothing,Tablet,No,Returning,347.368,1,26.83,1,3.5,57.62,2011-01-01
Van,Toys,Credit Card,Desktop,Yes,New,429.77,6,30.26,3,4.9,126.37,2020-08-01
Ankara,Toys,E-Wallet,Desktop,Yes,New,276.15,2,16.07,2,3.6,35.83,2016-08-01
Kayseri,Books,E-Wallet,Mobile,Yes,New,491.11,7,29.09,6,4.2,126.82,2012-06-01
Eskişehir,Clothing,Cash On Delivery,Mobile,No,New,270.11,4,37.92,3,4.6,59.04,2017-10-01
Ankara,Electronics,Credit Card,Tablet,Yes,Returning,464.37,7,36.65,4,3.3,65.95,2019-06-01
Kayseri,Toys,Debit Card,Mobile,Yes,Returning,354.86,5,19.51,4,4.4,90.9,2022-06-01
Ankara,Clothing,Credit Card,Desktop,Yes,Returning,194.61,9,10.72,1,3.1,31.4,2019-06-01
Diyarbakır,Home,Clothing,Desktop,No,Returning,231.94,8,17.4,6,3.9,67.63,2018-09-01
Samsun,Beauty,E-Wallet,Tablet,Yes,New,200.43,10,25.05,6,3.7,56.44,2014-01-01
Mersin,Books,Cash On Delivery,Mobile,No,Returning,442.56,5,48.44,6,3.5,70.8,2018-06-01
Gaziantep,Books,E-Wallet,Desktop,No,New,479.6,6,49.05,7,4.6,105.9,2010-03-01
İzmir,Beauty,E-Wallet,Desktop,No,New,451.82,5,47.85,7,3.7,64.566,2011-07-01
Adana,Clothing,Debit Card,Desktop,Yes,New,496.13,4,39.72,5,3.5,69.04,2023-04-01
Antalya,Home,Cash On Delivery,Tablet,No,Returning,172.58,6,21.57,6,3.8,35.92,2017-02-01
Mersin,Books,Credit Card,Tablet,Yes,Returning,85.48,5,11.92,3,3.5,24.846000000000004,2021-05-01
İzmir,Toys,Credit Card,Tablet,Yes,New,208.89,6,12.64,4,4.4,36.28,2013-10-01
Samsun,Electronics,Cash On Delivery,Mobile,No,New,394.64,6,52.43,7,4.2,113.64,2010-04-01
Gaziantep,Beauty,Cash On Delivery,Desktop,No,New,185.85,6,15.08,3,4.5,32.58,2014-01-01
Malatya,Home,Cash On Delivery,Desktop,Yes,New,405.66,4,55.42,1,3.6,15.54,2014-05-01
Ankara,Electronics,E-Wallet,Tablet,Yes,Returning,265.37,9,34.64,6,4.2,12.09,2010-06-01
Adana,Books,Credit Card,Tablet,Yes,Returning,376.51,2,34.57,2,4.3,6.06,2013-04-01
Kayseri,Home,Debit Card,Desktop,Yes,New,360.49,8,37.52,5,4.9,92.48,2011-11-01
Ankara,Books,E-Wallet,Desktop,Yes,New,163.42,3,10.0,6,4.12,28.96,2019-12-01
Van,Beauty,Cash On Delivery,Mobile,No,Returning,302.07,5,24.89,5,4.4,63.46,2010-12-01
Van,Electronics,Debit Card,Tablet,Yes,New,355.86,9,46.49,6,3.9,71.17,2017-02-01
Gaziantep,Clothing,Credit Card,Desktop,Yes,New,410.93,1,32.52,6,3.5,121.61,2015-07-01
Mersin,Clothing,Cash On Delivery,Desktop,No,New,409.87,9,51.38,6,4.8,2.72,2016-02-01
Malatya,Clothing,Debit Card,Tablet,Yes,Returning,175.21,7,21.26,4,3.5,49.22,2019-01-01
Mersin,Clothing,Debit Card,Tablet,Yes,New,334.5,5,44.11,5,3.6,75.03,2017-11-01
Samsun,Clothing,Debit Card,Desktop,No,Returning,262.15,6,36.39,1,4.7,32.84,2022-08-01
Kayseri,Home,E-Wallet,Tablet,Yes,Returning,212.61,3,27.9,1,4.4,31.33,2013-01-01
Antalya,Home,Credit Card,Desktop,No,New,337.12,4,28.62,6,3.78,93.72,2011-11-01
Ankara,Clothing,E-Wallet,Mobile,No,New,314.59,4,39.2,5,3.7,39.37,2013-05-01
Diyarbakır,Home,Cash On Delivery,Mobile,Yes,New,297.68,10,36.21,6,3.9,75.47,2021-06-01
Bursa,Clothing,Credit Card,Tablet,Yes,New,252.36,1,24.07,1,3.2,34.45,2019-04-01
Ankara,Beauty,Debit Card,Tablet,No,Returning,496.66,8,49.42,6,3.1,103.35,2017-10-01
Van,Clothing,Debit Card,Tablet,No,New,454.87,5,27.43,3,3.1,63.976,2023-11-01
Samsun,Home,Credit Card,Desktop,Yes,New,251.78,8,24.47,7,5.0,21.6,2010-04-01
Bursa,Electronics,Cash On Delivery,Desktop,No,New,263.51,7,29.39,3,3.2,72.66,2014-07-01
Van,Electronics,Credit Card,Desktop,No,Returning,483.9,5,66.9,1,4.7,84.2,2012-08-01
Adana,Toys,E-Wallet,Desktop,Yes,Returning,420.06,6,49.87,6,5.0,36.89,2010-11-01
Gaziantep,Electronics,Cash On Delivery,Desktop,Yes,New,478.61,4,33.47,5,4.8,49.28,2023-11-01
Mersin,Home,E-Wallet,Mobile,Yes,New,71.75,4,5.25,3,4.2,10.56,2015-02-01
Van,Home,Cash On Delivery,Desktop,Yes,New,392.98,7,24.14,1,3.6,96.86,2022-03-01
İstanbul,Clothing,E-Wallet,Desktop,No,New,273.28,3,32.17,3,3.6,60.61,2014-06-01
Trabzon,Clothing,Credit Card,Mobile,Yes,Returning,86.9,6,8.15,3,3.5,28.094,2022-08-01
Van,Clothing,Debit Card,Tablet,No,New,430.68,5,44.54,5,4.1,69.06,2010-09-01
Ankara,Books,Credit Card,Tablet,Yes,Returning,298.17,8,21.2,1,4.0,85.82,2021-03-01
Gaziantep,Clothing,Cash On Delivery,Desktop,Yes,Returning,89.92,2,7.0,4,3.7400000000000007,13.96,2010-03-01
Ankara,Books,Cash On Delivery,Desktop,Yes,Returning,432.86,2,26.97,5,3.8,112.72,2010-11-01
Ankara,Toys,Cash On Delivery,Desktop,Yes,Returning,276.90999999999997,1,47.62,4,3.9,41.66,2016-10-01
İzmir,Electronics,E-Wallet,Mobile,Yes,Returning,101.51,10,6.18,7,3.6,13.61,2023-08-01
Adana,Clothing,Credit Card,Mobile,No,New,479.05,7,53.19,2,3.6,44.61,2018-01-01
Antalya,Clothing,Credit Card,Desktop,Yes,New,55.24,8,5.6,7,3.1,7.62,2022-07-01
Samsun,Beauty,Debit Card,Tablet,Yes,New,259.02200000000005,2,38.61,4,3.9,19.73,2012-06-01
Ankara,Toys,Cash On Delivery,Desktop,No,New,194.64,5,14.44,2,3.2,21.98,2016-05-01
Ankara,Home,E-Wallet,Mobile,Yes,New,236.16,4,17.78,7,3.0,11.31,2014-12-01
Gaziantep,Clothing,E-Wallet,Mobile,No,Returning,420.04,10,44.3,5,4.8,75.82,2019-09-01
İstanbul,Clothing,Cash On Delivery,Tablet,Yes,Returning,207.79,6,30.24,5,4.4,57.3,2019-03-01
Van,Toys,Credit Card,Desktop,Yes,New,78.02,8,6.7,2,3.8,9.12,2022-08-01
Ankara,Books,E-Wallet,Desktop,No,Returning,336.04,7,47.58,1,3.6,97.67,2019-05-01
Kayseri,Toys,Cash On Delivery,Desktop,Yes,Returning,224.32,7,20.67,7,3.7,63.07,2011-11-01
İstanbul,Electronics,Credit Card,Mobile,No,Returning,73.4,1,6.9,5,3.0,8.01,2023-01-01
Trabzon,Beauty,Debit Card,Tablet,No,New,247.08,7,34.79,4,3.4,2.06,2011-02-01
Konya,Home,Clothing,Tablet,No,New,268.15,2,35.65,2,4.4,6.36,2022-12-01
Antalya,Toys,Credit Card,Tablet,Yes,New,355.94,9,47.83,6,4.5,75.97,2015-10-01
İzmir,Books,Clothing,Tablet,Yes,Returning,378.11,3,43.53,3,3.2,94.31,2017-05-01
Diyarbakır,Toys,Clothing,Desktop,No,Returning,442.83,5,44.26,6,4.9,28.98,2013-01-01
Ankara,Electronics,Credit Card,Desktop,Yes,Returning,168.86,4,14.81,1,4.8,36.748000000000005,2020-09-01
İstanbul,Toys,Clothing,Desktop,Yes,Returning,495.2,3,44.454,6,5.0,43.863488,2017-10-01
Eskişehir,Books,Debit Card,Desktop,Yes,Returning,193.21,3,11.49,3,4.4,34.88,2022-03-01
Antalya,Beauty,Credit Card,Desktop,No,New,196.73,1,28.96,2,4.5,32.92,2013-02-01
Antalya,Electronics,E-Wallet,Mobile,Yes,New,445.43,1,63.5,3,3.5,112.99,2012-06-01
Trabzon,Clothing,Credit Card,Mobile,Yes,New,457.48,3,40.33,2,3.8,69.1,2011-11-01
Kayseri,Books,Credit Card,Desktop,Yes,Returning,472.66,7,43.06,2,3.2,75.59,2019-09-01
Ankara,Electronics,Clothing,Tablet,Yes,Returning,109.22,10,7.97,5,3.2,10.04,2018-10-01
Samsun,Clothing,E-Wallet,Tablet,Yes,Returning,167.04,5,16.74,5,4.1,46.31,2012-08-01
Ankara,Clothing,E-Wallet,Mobile,No,Returning,175.06,8,10.02,1,4.8,45.96,2017-09-01
Bursa,Books,Cash On Delivery,Tablet,No,New,218.5,6,29.32,1,4.2,46.59,2023-06-01
Konya,Clothing,Clothing,Tablet,No,New,202.42,4,14.81,6,4.039999999999999,48.62,2016-03-01
Ankara,Clothing,E-Wallet,Desktop,Yes,New,482.68,5,52.12,7,3.3,57.03,2023-04-01
Bursa,Clothing,Debit Card,Mobile,Yes,New,123.92,6,12.12,5,3.2,12.44,2023-01-01
Ankara,Beauty,Credit Card,Tablet,No,New,158.0,6,9.46,7,4.8,9.59,2012-02-01
Malatya,Clothing,Credit Card,Tablet,Yes,New,468.56,8,37.23,4,3.1,79.15,2022-02-01
Gaziantep,Toys,E-Wallet,Desktop,No,Returning,489.43,10,28.629714,2,4.8,111.99,2017-06-01
Kayseri,Books,Debit Card,Desktop,No,New,108.29,6,5.92,1,4.4,4.05,2015-05-01
Antalya,Clothing,Debit Card,Desktop,No,Returning,143.06,8,21.29,2,4.1,29.85,2015-05-01
Antalya,Clothing,E-Wallet,Tablet,Yes,Returning,207.34,6,19.71,1,3.7,30.880000000000003,2016-11-01
Diyarbakır,Electronics,Cash On Delivery,Mobile,No,Returning,495.81,6,31.66,3,3.6,11.31,2013-11-01
Ankara,Home,Cash On Delivery,Mobile,Yes,New,408.02,7,38.19,7,4.3,97.15,2023-04-01
Eskişehir,Clothing,Credit Card,Mobile,No,New,115.89,2,14.64,2,4.0,3.66,2016-04-01
İzmir,Toys,Credit Card,Mobile,No,New,94.26,9,8.67,2,3.4,27.67,2023-09-01
Konya,Toys,Credit Card,Mobile,Yes,Returning,191.26,9,15.469999999999999,2,4.8,13.68,2014-06-01
Ankara,Beauty,Debit Card,Desktop,No,New,252.02,6,35.45,4,4.1,62.95,2011-05-01
Antalya,Clothing,Debit Card,Mobile,Yes,Returning,279.23,4,34.62,3,4.9,77.61,2022-09-01
İzmir,Clothing,E-Wallet,Mobile,Yes,New,132.77,5,8.15,3,3.94,0.36,2019-09-01
Trabzon,Beauty,Debit Card,Mobile,Yes,Returning,426.09,5,51.38,2,3.8,69.52,2013-06-01
Diyarbakır,Beauty,Debit Card,Tablet,No,Returning,272.45,1,30.101999999999997,6,3.8,33.69,2013-11-01
Samsun,Books,E-Wallet,Mobile,Yes,Returning,191.77,7,19.85,3,3.0,32.3,2018-02-01
Ankara,Home,Credit Card,Tablet,No,Returning,240.02,3,28.456,1,4.5,69.37,2016-03-01
Eskişehir,Clothing,Credit Card,Tablet,Yes,Returning,109.87,7,7.77,6,3.7600000000000002,8.45,2018-06-01
Samsun,Beauty,Credit Card,Tablet,No,New,444.39,3,26.71,7,3.4,58.982000000000006,2017-07-01
Kayseri,Beauty,Debit Card,Tablet,Yes,New,115.79,4,11.42,5,3.0,12.75,2011-11-01
Samsun,Clothing,Clothing,Desktop,Yes,Returning,119.73,4,6.33,6,3.6,17.13,2023-03-01
Gaziantep,Toys,Cash On Delivery,Mobile,Yes,New,487.47,10,24.62,5,4.6,60.57,2020-02-01
Ankara,Beauty,Cash On Delivery,Mobile,No,Returning,110.7,7,9.88,4,4.4,16.73,2021-05-01
İstanbul,Books,Clothing,Tablet,Yes,New,456.41,2,47.94,3,3.3,25.21,2018-07-01
Ankara,Clothing,E-Wallet,Desktop,No,Returning,301.36,7,36.85,1,4.3,33.42,2018-03-01
Bursa,Home,Debit Card,Tablet,Yes,New,208.69,2,31.21,2,4.4,15.01,2021-09-01
Ankara,Home,Debit Card,Desktop,Yes,New,237.41,9,28.81,3,4.0,25.88,2014-12-01
Kayseri,Clothing,Cash On Delivery,Mobile,No,Returning,355.21,5,27.8,2,4.0,14.37,2021-05-01
Diyarbakır,Beauty,Cash On Delivery,Desktop,Yes,New,102.4,10,13.48,6,3.9,26.95,2023-04-01
Trabzon,Beauty,Credit Card,Desktop,Yes,New,278.85,9,13.95,1,3.3,46.97,2023-06-01
Bursa,Clothing,Clothing,Desktop,Yes,Returning,232.21,7,14.74,3,4.4,1.17,2013-07-01
Konya,Toys,Debit Card,Desktop,No,New,356.38,2,45.28,5,3.4,54.07,2022-08-01
Diyarbakır,Clothing,Credit Card,Mobile,No,New,393.53,5,26.38,5,3.3,27.53,2016-02-01
Gaziantep,Clothing,Debit Card,Desktop,No,Returning,217.46,9,28.59,3,3.7,24.41,2013-02-01
Kayseri,Books,Debit Card,Mobile,Yes,New,346.236,2,33.31,2,3.3,21.22,2023-07-01
Samsun,Toys,Credit Card,Mobile,Yes,New,227.9,5,24.76,4,4.2,66.66,2014-05-01
Ankara,Toys,E-Wallet,Desktop,Yes,Returning,360.86,4,38.19,1,4.6,21.68,2016-07-01
İzmir,Clothing,Debit Card,Tablet,Yes,Returning,358.46,2,40.74,1,4.6,40.568,2021-10-01
Trabzon,Electronics,Credit Card,Desktop,No,New,364.64,1,19.44,5,3.7,13.57,2022-07-01
Gaziantep,Clothing,E-Wallet,Mobile,Yes,Returning,104.1,1,12.71,4,4.4,4.74,2022-07-01
Ankara,Clothing,Cash On Delivery,Desktop,Yes,New,315.75,1,44.06,7,4.1,22.52,2021-06-01
Bursa,Home,Clothing,Desktop,Yes,Returning,276.98,6,19.306,5,4.8,4.56,2021-11-01
Ankara,Home,E-Wallet,Desktop,No,Returning,271.17,10,21.99,2,4.2,59.33,2018-04-01
Mersin,Toys,Credit Card,Tablet,No,New,224.39,8,18.27,4,4.1,34.94199999999999,2015-02-01
Ankara,Beauty,Debit Card,Desktop,Yes,Returning,217.49,1,25.28,6,4.2,61.9,2022-11-01
Malatya,Clothing,E-Wallet,Mobile,Yes,New,422.37,3,27.32,3,3.1,33.22,2022-06-01
İstanbul,Toys,Debit Card,Mobile,Yes,New,277.21000000000004,8,69.41,1,3.3,139.81,2014-06-01
İstanbul,Home,Credit Card,Desktop,Yes,New,152.15,6,13.19,7,3.4,29.57,2016-08-01
Bursa,Home,E-Wallet,Desktop,Yes,Returning,199.45,5,15.924000000000001,4,4.9,12.52,2018-07-01
Ankara,Toys,Debit Card,Desktop,Yes,New,307.86,5,33.34,1,4.6,3.77,2010-04-01
Eskişehir,Clothing,Debit Card,Mobile,Yes,New,101.7,3,14.37,1,4.8,18.64,2020-10-01
Mersin,Books,E-Wallet,Desktop,Yes,Returning,265.53,5,31.41,3,3.2,24.65,2015-12-01
Konya,Books,Cash On Delivery,Mobile,No,New,175.33,9,30.698,4,4.3,35.18,2020-10-01
Van,Clothing,Debit Card,Desktop,Yes,New,84.09,2,10.45,4,4.6,22.95,2014-11-01
Adana,Home,Credit Card,Desktop,Yes,Returning,245.47,4,22.23,4,4.3,46.94,2017-04-01
Konya,Beauty,E-Wallet,Tablet,Yes,New,301.17,3,30.116000000000003,4,3.2,74.02,2011-04-01
Gaziantep,Toys,Debit Card,Mobile,No,Returning,440.63,1,46.82,5,3.8,82.78,2013-08-01
Kayseri,Clothing,E-Wallet,Tablet,Yes,New,206.94,10,16.22,7,3.1,30.93,2011-09-01
Antalya,Home,E-Wallet,Tablet,Yes,New,99.38,2,9.46,6,4.0,24.46,2013-08-01
Antalya,Electronics,Clothing,Desktop,Yes,Returning,216.92,1,18.14,3,3.5,43.5,2016-11-01
Gaziantep,Books,Credit Card,Desktop,No,New,421.02,3,62.38,6,4.7,99.08,2019-11-01
Ankara,Beauty,Cash On Delivery,Tablet,No,New,390.57,3,33.41,6,4.4,4.61,2013-04-01
Antalya,Beauty,Cash On Delivery,Mobile,Yes,New,412.1,4,52.54,4,4.7,19.53,2019-03-01
Kayseri,Home,Clothing,Mobile,Yes,New,233.46,7,27.26,6,3.0,51.63,2010-08-01
Adana,Beauty,Debit Card,Desktop,No,Returning,244.98,4,35.97,3,3.3,40.05,2020-11-01
İstanbul,Home,Credit Card,Desktop,Yes,Returning,86.85,1,9.04,1,3.5,16.97,2023-09-01
Malatya,Electronics,Credit Card,Tablet,Yes,New,267.91,2,20.106,3,5.0,27.89,2015-07-01
Ankara,Home,Clothing,Mobile,Yes,Returning,433.05,7,64.16,2,4.2,125.93,2021-11-01
Konya,Toys,E-Wallet,Tablet,Yes,New,408.63,9,45.71,3,3.0,83.26,2011-06-01
Eskişehir,Home,Cash On Delivery,Desktop,Yes,New,203.29,2,17.92,5,3.7,28.866000000000003,2011-07-01
İstanbul,Electronics,Debit Card,Tablet,No,Returning,266.49,7,13.8,6,4.200000000000001,71.05,2015-05-01
Trabzon,Books,Cash On Delivery,Mobile,Yes,New,433.04,8,47.16,7,4.3,59.924,2019-04-01
İzmir,Beauty,Cash On Delivery,Desktop,Yes,Returning,426.4,9,45.41,5,4.0200000000000005,54.49400000000001,2015-01-01
Antalya,Electronics,Cash On Delivery,Tablet,No,Returning,269.02,2,34.48,1,3.9,16.46,2020-06-01
Eskişehir,Electronics,E-Wallet,Mobile,No,New,370.54200000000003,9,42.58,6,4.4,81.06,2023-07-01
Mersin,Clothing,Credit Card,Mobile,Yes,New,335.17,8,29.19,1,4.2,43.36,2017-02-01
Bursa,Toys,Cash On Delivery,Mobile,Yes,Returning,282.93999999999994,3,33.97,4,4.0,26.3,2023-11-01
İzmir,Toys,Cash On Delivery,Mobile,Yes,Returning,421.6,5,55.56,1,4.8,102.68,2023-07-01
Konya,Books,Debit Card,Mobile,No,New,474.32,10,28.0,3,4.3,23.93,2010-03-01
Ankara,Home,Cash On Delivery,Desktop,No,Returning,441.17,5,41.18,1,3.2,94.1,2015-10-01
Diyarbakır,Books,E-Wallet,Mobile,Yes,New,445.93,6,28.65,1,3.0,46.59,2017-09-01
Ankara,Home,E-Wallet,Mobile,Yes,New,136.96,7,15.78,5,4.5,15.87,2023-10-01
İzmir,Electronics,Cash On Delivery,Mobile,Yes,Returning,105.79,3,14.95,7,3.4,44.432,2017-10-01
Adana,Beauty,Debit Card,Tablet,Yes,New,347.6,5,39.96,7,4.9,66.51,2016-10-01
Ankara,Clothing,Clothing,Desktop,Yes,New,101.06,1,13.23,2,4.6,7.56,2013-10-01
Antalya,Books,Credit Card,Mobile,No,Returning,332.76,5,46.03,5,3.1,56.43,2019-02-01
Kayseri,Toys,Debit Card,Tablet,No,New,393.15,5,48.93,6,4.7,100.34,2015-12-01
Antalya,Electronics,Cash On Delivery,Mobile,No,New,374.74,8,48.26,2,3.8,13.06,2012-01-01
Ankara,Electronics,Clothing,Mobile,Yes,Returning,309.43,3,36.65,4,4.0,95.52,2012-11-01
Samsun,Beauty,E-Wallet,Desktop,No,New,408.83,8,28.5,6,4.3,101.96,2023-05-01
Konya,Books,E-Wallet,Desktop,Yes,New,157.34,5,21.43,2,3.4,10.34,2016-04-01
Kayseri,Clothing,E-Wallet,Desktop,Yes,Returning,211.21,4,29.99,1,4.2,14.13,2011-12-01
Konya,Toys,Cash On Delivery,Tablet,No,New,138.3,5,17.72,1,4.8,7.88,2012-03-01
Samsun,Home,Clothing,Mobile,No,Returning,472.37,10,29.0,2,4.1,58.327999999999996,2021-12-01
İstanbul,Clothing,Cash On Delivery,Tablet,Yes,Returning,70.51,4,9.9,5,4.0,17.68,2012-01-01
Ankara,Home,Credit Card,Desktop,No,Returning,217.79,7,16.01,6,4.7,48.16,2011-11-01
Diyarbakır,Toys,E-Wallet,Mobile,No,Returning,267.56,1,36.21,6,3.9,10.69,2011-05-01
Kayseri,Home,Cash On Delivery,Mobile,Yes,New,138.0,7,12.83,1,3.4,15.12,2014-08-01
Malatya,Clothing,Clothing,Mobile,Yes,Returning,266.02,5,16.43,3,3.4,26.52,2010-06-01
Antalya,Books,Cash On Delivery,Mobile,No,New,243.2,7,32.73,5,4.9,26.19,2011-12-01
Ankara,Clothing,Debit Card,Desktop,Yes,New,454.18,3,63.72,4,3.8,51.76,2013-04-01
Gaziantep,Beauty,Debit Card,Mobile,No,Returning,197.69,3,12.48,5,4.9,14.758,2023-06-01
Ankara,Books,Debit Card,Desktop,Yes,Returning,195.99,5,25.59,2,3.4,37.44,2014-02-01
Malatya,Books,Clothing,Mobile,No,Returning,381.57,6,55.86,4,3.1,102.37,2022-06-01
Ankara,Books,Debit Card,Mobile,Yes,Returning,456.72,8,49.77,5,4.4,50.49,2017-06-01
İzmir,Clothing,Credit Card,Tablet,Yes,Returning,303.24,6,34.25,4,3.8,81.83,2020-10-01
Eskişehir,Toys,Credit Card,Desktop,Yes,New,361.15999999999997,4,38.08,4,4.1,72.67,2017-07-01
Trabzon,Beauty,Debit Card,Desktop,No,Returning,95.87,4,5.66,2,3.3,13.65,2015-05-01
Gaziantep,Electronics,Clothing,Tablet,Yes,Returning,209.78,5,20.95,7,4.3,39.19,2016-09-01
Malatya,Clothing,Debit Card,Mobile,Yes,Returning,66.37,5,9.21,7,4.3,4.97,2022-12-01
Diyarbakır,Electronics,Debit Card,Tablet,Yes,Returning,284.49,7,22.95,4,4.6,76.98,2017-07-01
Van,Clothing,Clothing,Tablet,Yes,New,318.82,7,29.69,2,4.7,31.73,2020-04-01
Ankara,Home,E-Wallet,Desktop,Yes,New,219.68,8,30.77,2,4.3,61.72,2020-04-01
İzmir,Beauty,Debit Card,Desktop,Yes,Returning,116.06,5,13.92,4,3.8600000000000003,14.65,2014-09-01
Trabzon,Toys,Credit Card,Tablet,No,New,267.65,8,26.64,5,3.4,18.2,2019-04-01
Bursa,Clothing,Credit Card,Mobile,Yes,Returning,240.01,8,30.698,2,3.7,36.25,2021-09-01
İstanbul,Toys,E-Wallet,Desktop,No,New,388.7,10,54.54,6,3.9,41.08,2016-10-01
Adana,Clothing,E-Wallet,Tablet,No,Returning,498.92,9,41.41,2,4.9,43.863488,2017-03-01
Ankara,Books,E-Wallet,Desktop,Yes,Returning,339.51,2,26.73,6,3.9,88.35,2014-06-01
Adana,Clothing,Cash On Delivery,Mobile,Yes,Returning,479.7,5,18.942,2,3.9,9.32,2011-05-01
Ankara,Home,E-Wallet,Mobile,No,Returning,200.06,5,22.75,6,4.7,1.52,2011-08-01
Van,Clothing,Cash On Delivery,Desktop,No,Returning,170.49,9,10.31,7,4.6,8.53,2023-11-01
Ankara,Electronics,Cash On Delivery,Tablet,No,Returning,470.96,8,39.12,2,4.4,121.33,2019-03-01
Van,Books,Debit Card,Mobile,Yes,Returning,305.72,1,26.17,6,4.0,36.11,2018-10-01
Malatya,Home,Debit Card,Mobile,Yes,New,478.12,1,69.34,2,3.9,61.39,2010-10-01
Konya,Clothing,Credit Card,Tablet,Yes,New,239.55,3,32.78,6,3.2,44.96,2023-12-01
Antalya,Electronics,E-Wallet,Tablet,Yes,New,446.35,8,21.531999999999996,4,4.2,13.01,2012-02-01
İzmir,Clothing,Cash On Delivery,Desktop,Yes,New,140.57,10,19.03,2,5.0,1.5,2018-04-01
Antalya,Clothing,Credit Card,Desktop,No,Returning,370.73400000000004,5,36.215999999999994,1,4.0,43.65,2021-01-01
Antalya,Books,Debit Card,Mobile,No,New,429.71,4,30.17,6,3.6,115.26,2019-12-01
Gaziantep,Home,Credit Card,Mobile,No,New,481.99,7,64.99,6,4.5,84.0,2017-02-01
Diyarbakır,Toys,Clothing,Desktop,No,Returning,430.25,1,21.81,6,3.3,47.572,2017-03-01
Trabzon,Electronics,Clothing,Desktop,Yes,Returning,391.48,3,39.87,6,4.0,84.95,2016-06-01
Malatya,Toys,Cash On Delivery,Tablet,No,New,496.78,5,49.66,7,3.6,85.692,2014-07-01
Ankara,Toys,Clothing,Mobile,No,Returning,294.254,5,38.5,5,4.3,58.03,2013-09-01
Bursa,Clothing,Debit Card,Desktop,Yes,Returning,465.74,1,61.2,6,3.3,55.03,2020-09-01
Trabzon,Clothing,Cash On Delivery,Mobile,No,New,291.254,6,27.060000000000002,1,4.2,36.1,2013-03-01
Trabzon,Toys,E-Wallet,Mobile,Yes,Returning,394.47,4,31.94,7,4.7,42.712,2011-06-01
Adana,Clothing,Credit Card,Tablet,Yes,Returning,442.18,3,32.03,2,3.7,54.69,2010-12-01
İzmir,Toys,Credit Card,Desktop,Yes,Returning,72.4,8,9.78,1,4.6,12.49,2018-12-01
Diyarbakır,Home,E-Wallet,Tablet,No,Returning,376.716,10,51.97,6,4.1,50.94,2010-06-01
Mersin,Electronics,Cash On Delivery,Mobile,Yes,Returning,136.17,10,19.54,3,4.1,23.91,2012-06-01
Malatya,Books,Cash On Delivery,Tablet,Yes,New,446.7,2,64.15,6,4.0,24.6,2017-01-01
Malatya,Home,Credit Card,Mobile,Yes,Returning,342.39799999999997,9,33.96,6,3.2,59.27,2013-01-01
Eskişehir,Clothing,Debit Card,Mobile,Yes,New,194.7,4,23.02,3,4.5,50.52,2010-03-01
Eskişehir,Clothing,Debit Card,Tablet,No,Returning,354.03,3,43.96,3,4.9,44.564,2018-11-01
Gaziantep,Clothing,Credit Card,Mobile,No,Returning,246.878,10,21.7,5,3.1,27.15,2012-04-01
Eskişehir,Electronics,Clothing,Desktop,No,New,185.9,3,24.05,4,3.2,43.032000000000004,2021-01-01
Eskişehir,Books,E-Wallet,Mobile,Yes,Returning,367.69,10,40.19,2,3.2,60.08,2014-01-01
Ankara,Books,Debit Card,Mobile,No,New,487.94,5,49.51,2,3.8,43.863488,2011-08-01
Ankara,Electronics,E-Wallet,Desktop,Yes,Returning,415.0,1,22.82,1,3.3,122.57,2015-05-01
Konya,Beauty,Cash On Delivery,Tablet,Yes,New,426.87,8,51.42,6,3.0,85.49,2015-06-01
Van,Home,Cash On Delivery,Desktop,Yes,New,152.14,9,13.55,3,3.7,44.6,2017-08-01
Bursa,Books,E-Wallet,Mobile,Yes,New,238.36,6,35.19,2,3.0,15.43,2023-05-01
Trabzon,Toys,Credit Card,Desktop,Yes,Returning,289.17400000000004,2,22.96,2,3.5,8.5,2013-03-01
Gaziantep,Clothing,Cash On Delivery,Tablet,No,New,156.33,5,19.03,6,3.8,15.6,2017-03-01
Eskişehir,Clothing,Cash On Delivery,Desktop,No,Returning,147.94400000000002,3,12.12,7,3.6,7.85,2017-05-01
Gaziantep,Home,E-Wallet,Mobile,No,Returning,297.48,3,42.128,1,3.6,46.27,2019-12-01
Eskişehir,Beauty,Cash On Delivery,Desktop,Yes,Returning,420.48,7,27.44,4,4.8,19.69,2019-03-01
Ankara,Clothing,Credit Card,Mobile,Yes,New,368.55,6,38.03,7,3.5,109.95,2017-08-01
Bursa,Toys,Cash On Delivery,Tablet,Yes,New,271.0,2,14.14,4,4.9,34.2,2021-07-01
Mersin,Books,Credit Card,Tablet,No,Returning,134.71,10,10.05,3,3.4,37.65,2015-09-01
Mersin,Books,Cash On Delivery,Desktop,Yes,Returning,446.53,8,54.15,4,3.4,106.0,2013-12-01
Diyarbakır,Toys,Debit Card,Tablet,Yes,New,236.08,2,16.94,4,4.4,53.67,2011-07-01
İstanbul,Electronics,Cash On Delivery,Desktop,No,New,136.5,4,8.62,1,3.5,40.26,2017-09-01
İstanbul,Home,E-Wallet,Desktop,No,Returning,93.64,1,10.05,5,3.8,13.186000000000002,2017-12-01
Konya,Beauty,E-Wallet,Desktop,Yes,Returning,279.94,5,37.06,4,3.5,34.18,2016-03-01
Ankara,Home,Debit Card,Tablet,Yes,Returning,283.77,9,48.106,3,4.7,9.74,2017-04-01
Trabzon,Beauty,Clothing,Mobile,No,Returning,71.62,9,6.48,2,4.8,15.36,2021-06-01
Samsun,Beauty,Debit Card,Mobile,Yes,New,158.56,5,23.01,4,3.2,30.45,2017-09-01
Ankara,Home,Clothing,Desktop,Yes,New,201.77,7,19.3,4,3.1,23.41,2013-03-01
Antalya,Beauty,Credit Card,Tablet,No,New,137.75,7,12.96,7,3.7,1.21,2011-07-01
Antalya,Home,E-Wallet,Desktop,Yes,Returning,348.34,6,37.87,6,4.1,26.65,2022-11-01
Mersin,Electronics,E-Wallet,Mobile,No,New,251.51,4,33.28,2,3.7,21.53,2017-12-01
Trabzon,Clothing,Credit Card,Desktop,Yes,Returning,90.72,2,7.84,6,4.6,10.46,2013-07-01
Trabzon,Clothing,Cash On Delivery,Desktop,No,Returning,154.09,5,10.1,6,3.2,31.37,2012-08-01
Antalya,Beauty,Debit Card,Tablet,Yes,Returning,266.0,2,20.0,1,3.6,7.62,2017-03-01
Bursa,Electronics,E-Wallet,Tablet,No,Returning,315.67,2,24.99,5,3.6,78.62,2013-04-01
Ankara,Books,Cash On Delivery,Desktop,No,Returning,301.45,2,15.19,6,3.9,46.22,2019-04-01
Antalya,Beauty,Debit Card,Desktop,No,New,189.16,3,9.82,7,4.2,49.6,2013-05-01
Bursa,Beauty,Cash On Delivery,Desktop,No,Returning,299.54,2,44.07,4,3.7,62.39,2010-02-01
Van,Electronics,Credit Card,Desktop,No,Returning,474.08,5,53.83,4,4.9,105.42,2013-07-01
Malatya,Home,Debit Card,Desktop,Yes,Returning,364.34,5,34.94,2,4.1,62.78,2016-04-01
Ankara,Books,E-Wallet,Tablet,Yes,Returning,100.69,2,6.68,6,3.6,24.78,2022-02-01
Gaziantep,Books,Debit Card,Desktop,No,Returning,332.9,10,42.57,3,5.0,87.2,2013-04-01
Samsun,Toys,Credit Card,Desktop,Yes,Returning,276.17,1,22.67,6,4.0,20.43,2023-07-01
Ankara,Clothing,Clothing,Tablet,Yes,New,386.62,7,38.85,1,4.2,55.61,2015-12-01
Bursa,Electronics,Credit Card,Desktop,No,New,149.21,6,16.26,7,3.3,35.6,2012-04-01
Van,Clothing,Credit Card,Desktop,Yes,Returning,184.19,1,26.12,4,3.6,2.7,2017-12-01
Adana,Clothing,Credit Card,Tablet,Yes,New,432.51,9,35.96,3,4.8,94.88,2020-01-01
Van,Clothing,E-Wallet,Mobile,Yes,New,198.05,4,34.77,7,3.2,39.694,2011-06-01
Ankara,Electronics,Cash On Delivery,Mobile,Yes,Returning,346.3,7,24.32,5,4.2,18.75,2015-09-01
İstanbul,Electronics,Credit Card,Desktop,Yes,Returning,206.29,1,20.0,6,4.6,11.64,2021-06-01
Ankara,Home,Cash On Delivery,Mobile,No,New,389.13,5,52.86,7,3.4,16.78,2018-05-01
İstanbul,Electronics,E-Wallet,Tablet,Yes,Returning,246.16,6,32.27,4,4.9,34.45,2020-08-01
Van,Toys,E-Wallet,Desktop,Yes,New,417.73,7,45.7,2,4.0,23.7,2016-02-01
Mersin,Electronics,Debit Card,Mobile,Yes,New,235.01,5,30.46,3,4.9,64.77,2020-06-01
Ankara,Clothing,Credit Card,Desktop,Yes,Returning,257.44,8,19.35,3,3.8,36.6,2014-09-01
Samsun,Books,Credit Card,Mobile,No,Returning,224.51799999999997,1,14.63,5,4.220000000000001,56.73,2012-09-01
Samsun,Beauty,Cash On Delivery,Desktop,No,New,389.46,7,57.5,2,4.4,77.33,2021-09-01
Diyarbakır,Books,Cash On Delivery,Desktop,No,New,58.62,10,8.15,3,4.6,5.09,2011-04-01
Ankara,Home,Credit Card,Mobile,Yes,Returning,78.59,10,5.07,6,4.7,12.59,2020-04-01
Van,Toys,Cash On Delivery,Desktop,Yes,Returning,151.47,7,21.71,3,4.9,37.64,2017-01-01
Adana,Beauty,Debit Card,Desktop,No,Returning,169.22,9,22.71,5,3.8,35.33,2020-09-01
Adana,Books,Debit Card,Tablet,No,New,156.52,3,20.66,3,4.1,41.0,2023-04-01
Eskişehir,Clothing,Debit Card,Desktop,No,New,454.04,4,66.76,2,3.2,126.45,2023-07-01
Van,Clothing,Debit Card,Mobile,Yes,New,219.43,6,32.7,4,4.2,64.48,2019-10-01
Diyarbakır,Electronics,E-Wallet,Tablet,No,New,279.85,4,35.412,4,4.16,51.894000000000005,2012-10-01
İstanbul,Electronics,Clothing,Tablet,No,Returning,496.88,7,56.56,6,3.8,128.94,2018-01-01
Trabzon,Toys,Credit Card,Tablet,No,New,303.92,8,28.568,4,3.8,69.23,2013-10-01
Trabzon,Home,E-Wallet,Mobile,No,Returning,189.77,4,25.15,5,4.2,47.6,2013-04-01
Kayseri,Toys,Cash On Delivery,Mobile,Yes,New,240.07,4,19.97,5,3.0,40.99,2017-07-01
Gaziantep,Toys,E-Wallet,Mobile,Yes,Returning,495.95,4,66.43,1,3.1,25.68,2013-08-01
Van,Clothing,Clothing,Tablet,No,New,421.22,5,33.54,4,3.4,95.37,2015-07-01
Konya,Toys,Cash On Delivery,Tablet,Yes,Returning,272.93,8,37.25,2,4.3,42.09,2015-01-01
Gaziantep,Electronics,Credit Card,Mobile,Yes,Returning,247.06,6,33.47,2,3.6,55.76,2021-06-01
Ankara,Beauty,Cash On Delivery,Desktop,No,New,416.87,9,30.83,5,3.9,98.57,2023-08-01
Diyarbakır,Books,Credit Card,Tablet,No,New,370.69,9,52.82,5,4.2,101.39,2011-05-01
Mersin,Clothing,Clothing,Tablet,Yes,Returning,231.82,7,18.15,4,3.9,1.68,2013-12-01
Ankara,Clothing,Credit Card,Desktop,Yes,New,174.86,10,16.12,4,3.3,17.43,2021-07-01
Konya,Electronics,E-Wallet,Tablet,Yes,New,297.24,10,27.34,7,3.6,48.36,2021-11-01
Eskişehir,Clothing,E-Wallet,Desktop,No,New,324.51,5,29.57,1,3.2,58.42,2022-09-01
Adana,Home,Debit Card,Mobile,Yes,New,290.64,6,26.538000000000004,7,3.1,22.53,2016-10-01
İstanbul,Beauty,Credit Card,Desktop,Yes,Returning,54.78,9,3.9,4,4.7,9.83,2013-03-01
Van,Clothing,Debit Card,Tablet,Yes,New,56.05,10,4.88,4,3.6,4.78,2014-05-01
Gaziantep,Toys,Debit Card,Desktop,Yes,Returning,415.07,9,22.27,2,3.3,105.01,2010-09-01
İzmir,Clothing,Debit Card,Desktop,No,New,257.212,8,30.99,4,4.8,3.82,2017-04-01
Gaziantep,Toys,E-Wallet,Tablet,Yes,New,229.36,10,28.15,4,3.8,28.229999999999997,2011-09-01
Van,Electronics,Credit Card,Tablet,No,Returning,347.52,4,46.76,5,3.9,70.87,2012-11-01
İzmir,Clothing,Debit Card,Desktop,No,New,400.22,3,58.82,2,4.7,50.37,2012-05-01
Van,Electronics,E-Wallet,Mobile,Yes,New,394.96400000000006,6,39.53,2,4.6,131.45,2014-01-01
Bursa,Beauty,E-Wallet,Tablet,Yes,Returning,313.55,4,43.16,5,4.5,87.59,2017-12-01
Mersin,Books,Credit Card,Desktop,Yes,Returning,154.52,9,16.16,2,4.6,18.34,2019-06-01
Antalya,Beauty,Credit Card,Desktop,No,Returning,92.76,10,6.17,7,3.4,20.36,2020-08-01
Antalya,Clothing,Credit Card,Mobile,No,Returning,341.62,10,21.82,1,3.2,50.42,2017-06-01
Gaziantep,Clothing,E-Wallet,Desktop,No,New,366.43,9,43.26,6,4.4,46.77,2022-06-01
Trabzon,Books,Credit Card,Tablet,Yes,New,163.8,4,15.448000000000002,2,3.7,11.48,2022-08-01
Samsun,Beauty,Credit Card,Mobile,Yes,New,320.45,8,16.04,7,4.6,54.87,2010-02-01
Diyarbakır,Toys,Credit Card,Tablet,Yes,New,260.43,2,24.88,7,4.9,10.6,2020-03-01
Antalya,Toys,Cash On Delivery,Mobile,Yes,New,86.27,4,6.01,3,3.3,15.036000000000001,2023-04-01
Gaziantep,Toys,E-Wallet,Desktop,No,New,70.73,4,9.6,6,4.2,9.28,2022-06-01
Eskişehir,Beauty,E-Wallet,Tablet,Yes,New,454.3,3,40.3,7,3.6,64.10400000000001,2016-04-01
Mersin,Toys,Cash On Delivery,Mobile,Yes,Returning,308.46,10,40.682,4,3.7,74.73,2020-03-01
Van,Toys,Credit Card,Mobile,No,Returning,295.03,7,38.61,1,4.5,45.72,2018-03-01
Antalya,Toys,Cash On Delivery,Desktop,No,New,403.76,7,47.11,7,3.8,96.78,2014-11-01
Adana,Books,Clothing,Desktop,Yes,New,150.84,8,8.58,4,5.0,8.68,2014-10-01
Van,Books,E-Wallet,Tablet,No,Returning,58.56,3,4.64,3,3.6,8.09,2021-07-01
Antalya,Books,E-Wallet,Mobile,No,Returning,373.59,3,21.99,4,3.7,64.89,2019-10-01
Trabzon,Beauty,Debit Card,Tablet,Yes,Returning,319.16,8,32.25,2,3.9,70.49,2012-05-01
Gaziantep,Clothing,Debit Card,Desktop,Yes,New,108.92,7,12.34,4,4.1,25.97,2022-08-01
Mersin,Books,Credit Card,Mobile,No,New,100.17,2,5.6,5,3.7,5.5,2013-05-01
Kayseri,Clothing,Cash On Delivery,Desktop,Yes,New,331.38,3,16.88,1,4.9,28.14,2019-08-01
İstanbul,Clothing,Credit Card,Desktop,No,Returning,212.07,7,23.25,5,3.2,34.98,2021-09-01
İzmir,Home,Debit Card,Desktop,No,New,437.92599999999993,4,46.71,3,3.2,46.67,2022-02-01
Van,Beauty,Debit Card,Mobile,No,Returning,118.26,5,8.75,2,3.3,6.19,2015-02-01
Samsun,Electronics,Credit Card,Tablet,No,Returning,83.87,4,4.93,4,3.2,9.35,2022-02-01
Ankara,Beauty,Clothing,Mobile,Yes,Returning,453.07,5,34.05,7,4.2,130.82,2011-04-01
Samsun,Clothing,Cash On Delivery,Mobile,No,New,175.54,9,10.06,3,3.4,15.19,2021-08-01
Konya,Home,E-Wallet,Desktop,Yes,Returning,174.35,7,11.31,3,4.4,24.89,2017-03-01
Diyarbakır,Clothing,Credit Card,Desktop,No,Returning,427.78,5,63.08,6,3.8,24.56,2010-05-01
Samsun,Home,Cash On Delivery,Tablet,No,Returning,486.29,1,39.31,1,4.16,10.08,2010-05-01
Ankara,Home,Clothing,Desktop,Yes,Returning,402.3,4,46.62,1,4.1,57.24,2017-05-01
Ankara,Home,E-Wallet,Mobile,Yes,New,82.32,5,7.67,5,4.9,1.39,2023-03-01
Antalya,Beauty,Debit Card,Mobile,Yes,New,87.02,9,10.6,3,4.2,4.01,2018-05-01
Van,Books,Credit Card,Desktop,No,Returning,380.53,1,43.01,6,3.7,28.78,2013-12-01
Konya,Electronics,Clothing,Desktop,Yes,New,452.33,7,39.0,7,3.3,86.26,2016-06-01
Bursa,Home,Credit Card,Desktop,No,Returning,341.85,5,21.81,2,4.7,16.86,2014-04-01
Trabzon,Books,Cash On Delivery,Desktop,Yes,Returning,189.82,7,22.63,1,3.3,39.71,2017-01-01
Van,Books,Cash On Delivery,Desktop,No,Returning,167.78,4,19.73,2,4.0,24.9,2020-07-01
Diyarbakır,Clothing,Cash On Delivery,Desktop,No,Returning,250.85,10,15.85,4,3.4,29.81,2012-01-01
İzmir,Home,E-Wallet,Desktop,Yes,New,296.82,2,23.93,4,3.9,8.79,2017-11-01
Mersin,Books,Cash On Delivery,Tablet,Yes,Returning,284.91,10,23.95,6,3.4,29.82,2023-10-01
Konya,Clothing,E-Wallet,Desktop,Yes,New,247.62,5,30.51,2,3.2,37.63,2013-04-01
Trabzon,Clothing,Credit Card,Desktop,Yes,Returning,497.72,5,29.43,3,3.96,59.23,2019-02-01
Ankara,Electronics,E-Wallet,Tablet,Yes,Returning,213.23,7,22.433999999999997,6,4.16,17.4,2014-03-01
Gaziantep,Electronics,Debit Card,Desktop,Yes,Returning,485.75,10,45.82,6,3.4,43.863488,2023-10-01
Bursa,Beauty,E-Wallet,Mobile,No,Returning,266.62,7,15.4,6,4.7,26.86,2023-03-01
Van,Clothing,Credit Card,Tablet,Yes,New,498.46,5,43.53,2,3.6399999999999997,49.11,2012-09-01
Ankara,Clothing,E-Wallet,Desktop,Yes,Returning,202.04,3,31.93,3,3.1,39.73,2013-11-01
Kayseri,Electronics,Debit Card,Tablet,No,Returning,96.73,4,5.82,2,4.1,13.57,2015-12-01
Antalya,Home,E-Wallet,Tablet,No,Returning,88.53,9,11.17,6,5.0,8.94,2014-08-01
Bursa,Electronics,Debit Card,Desktop,Yes,New,228.9,6,11.75,7,4.2,44.0,2016-06-01
Ankara,Books,Debit Card,Desktop,Yes,New,165.73,2,20.63,6,4.7,46.91,2017-04-01
Diyarbakır,Clothing,Credit Card,Tablet,Yes,Returning,498.19,6,28.8,5,4.0,27.86,2015-06-01
İstanbul,Beauty,Credit Card,Mobile,No,Returning,329.84,7,36.238,7,4.7,82.14,2014-06-01
Malatya,Books,Credit Card,Tablet,No,New,288.06,1,39.36,6,4.7,34.85,2010-05-01
Ankara,Books,Clothing,Tablet,No,New,313.014,6,23.932,6,3.5200000000000005,20.52,2012-09-01
Antalya,Electronics,Clothing,Tablet,Yes,New,493.71,2,51.1,4,4.1,125.28,2016-03-01
İstanbul,Toys,E-Wallet,Desktop,Yes,New,123.95,4,17.78,4,4.5,17.95,2016-08-01
Van,Home,Cash On Delivery,Tablet,Yes,New,358.48,7,29.34,4,4.5,71.76,2010-05-01
İzmir,Beauty,Debit Card,Tablet,Yes,Returning,316.02,10,24.43,4,3.7,2.46,2019-01-01
İzmir,Beauty,Cash On Delivery,Tablet,No,Returning,285.0,9,37.83,6,4.4,16.08,2011-01-01
Gaziantep,Clothing,Debit Card,Desktop,No,Returning,492.18,8,46.66,6,4.3,132.15,2019-12-01
Ankara,Toys,Clothing,Mobile,Yes,New,499.32,4,57.29,6,4.4,43.82,2023-10-01
Antalya,Clothing,Debit Card,Tablet,No,New,348.1,8,33.18,1,3.6,20.7,2019-05-01
Bursa,Electronics,E-Wallet,Desktop,No,New,262.67,10,22.66,6,4.4,27.22,2018-01-01
Malatya,Clothing,E-Wallet,Mobile,Yes,Returning,248.16,4,25.83,5,3.5,12.64,2018-03-01
İstanbul,Clothing,Credit Card,Mobile,No,New,54.01,6,6.87,5,3.9,12.45,2015-04-01
Kayseri,Beauty,Debit Card,Mobile,No,New,373.69,10,53.85,5,3.1,44.465999999999994,2017-01-01
Adana,Electronics,Debit Card,Mobile,No,New,240.4,9,26.93,6,3.9,22.33,2016-07-01
Eskişehir,Electronics,Cash On Delivery,Desktop,Yes,New,460.16,9,32.624,4,4.0,78.65,2019-10-01
Kayseri,Electronics,Debit Card,Tablet,Yes,New,215.8,5,25.85,6,4.0,2.87,2019-04-01
Samsun,Clothing,E-Wallet,Tablet,No,Returning,353.94,3,47.58,7,3.3,14.92,2016-01-01
Diyarbakır,Electronics,Cash On Delivery,Tablet,No,Returning,244.65,8,31.96,1,3.7,61.91,2011-09-01
Antalya,Clothing,Debit Card,Desktop,No,New,241.61,9,16.37,5,4.0,38.78,2021-09-01
Mersin,Electronics,Debit Card,Mobile,Yes,New,375.87,4,29.85,3,4.2,2.61,2017-11-01
Kayseri,Toys,Debit Card,Tablet,No,Returning,341.97,2,18.4,6,3.0,66.43,2017-12-01
Eskişehir,Clothing,Cash On Delivery,Desktop,Yes,New,314.81,9,30.3,2,3.3,53.58,2020-06-01
Van,Home,E-Wallet,Desktop,No,New,351.9,4,49.47,5,4.3,9.09,2016-01-01
Konya,Toys,Debit Card,Mobile,Yes,Returning,413.79,1,42.26,3,3.4,44.803999999999995,2011-12-01
Samsun,Books,Credit Card,Mobile,Yes,New,165.45,5,10.88,2,5.0,15.73,2013-02-01
Konya,Books,Credit Card,Desktop,Yes,Returning,341.95,8,21.61,5,3.9,22.02,2020-07-01
Malatya,Electronics,Cash On Delivery,Mobile,No,Returning,494.89,4,64.58,1,4.8,9.29,2015-10-01
Ankara,Home,Cash On Delivery,Desktop,Yes,Returning,219.74,3,12.24,5,4.1,45.44,2016-05-01
Bursa,Electronics,Clothing,Tablet,No,Returning,401.42,9,28.24,7,4.319999999999999,103.98,2016-11-01
İzmir,Home,Clothing,Mobile,Yes,New,213.414,8,17.28,4,4.0,27.44,2011-08-01
İstanbul,Clothing,E-Wallet,Desktop,Yes,Returning,69.82,7,9.68,5,3.4,8.25,2010-11-01
Ankara,Beauty,Debit Card,Desktop,No,New,303.79,7,41.46,7,3.5,43.05,2012-09-01
Antalya,Beauty,Credit Card,Desktop,No,New,347.98,4,27.52,3,3.4,9.98,2010-08-01
Antalya,Electronics,Cash On Delivery,Desktop,No,New,337.42,8,22.5,1,4.0,35.12,2011-09-01
İstanbul,Clothing,E-Wallet,Tablet,No,New,208.81,6,25.43,5,4.3,20.22,2018-05-01
Adana,Clothing,E-Wallet,Mobile,No,Returning,419.36,6,27.55,2,3.78,61.53,2021-01-01
Adana,Home,E-Wallet,Tablet,Yes,Returning,233.03,9,31.3,7,3.1,40.15,2018-04-01
Ankara,Beauty,Debit Card,Mobile,Yes,Returning,282.26,8,19.08,3,3.2,35.39,2016-06-01
Kayseri,Beauty,Cash On Delivery,Tablet,No,Returning,392.93,3,54.02,5,3.9,55.42,2014-09-01
Eskişehir,Books,Cash On Delivery,Desktop,Yes,New,71.43,6,10.71,5,3.9,13.48,2022-01-01
Mersin,Clothing,Credit Card,Mobile,Yes,New,366.72,1,30.26,2,4.9,39.12,2016-02-01
Eskişehir,Clothing,E-Wallet,Tablet,No,Returning,442.97,9,30.59,6,4.3,98.54,2010-12-01
Bursa,Beauty,Credit Card,Mobile,Yes,Returning,122.2,5,25.848000000000003,6,4.1,12.25,2023-03-01
Van,Beauty,E-Wallet,Desktop,No,Returning,239.48600000000002,10,35.65,4,4.5,55.76800000000001,2017-02-01
Bursa,Beauty,Credit Card,Desktop,Yes,New,320.21799999999996,8,25.05,4,5.0,20.42,2014-09-01
Bursa,Books,E-Wallet,Tablet,Yes,New,439.86,10,37.16,5,3.5,40.854,2012-07-01
Bursa,Beauty,Credit Card,Desktop,Yes,Returning,395.07,3,53.08,2,3.4,76.63,2013-12-01
Van,Electronics,Debit Card,Mobile,Yes,New,139.87,1,13.87,2,3.6,31.3,2022-03-01
Adana,Beauty,E-Wallet,Desktop,Yes,Returning,157.39,10,20.73,3,3.6,8.78,2014-10-01
Bursa,Home,Debit Card,Tablet,No,New,244.62,4,21.53,4,3.2,71.51,2013-11-01
Konya,Books,Cash On Delivery,Tablet,No,New,200.67,7,26.4,1,4.5,17.38,2017-07-01
Antalya,Toys,Credit Card,Mobile,Yes,Returning,498.85,1,36.57,3,3.8,49.37,2020-03-01
Malatya,Beauty,Debit Card,Mobile,Yes,Returning,250.06,5,20.92,5,4.0600000000000005,1.82,2014-10-01
İstanbul,Beauty,Credit Card,Mobile,No,New,311.74,1,27.48,7,3.6,29.56,2012-09-01
Bursa,Electronics,Debit Card,Desktop,No,New,360.45,8,20.3,5,3.9,81.63,2018-08-01
Mersin,Clothing,Cash On Delivery,Desktop,Yes,Returning,270.7,5,20.08,1,3.4,29.43,2011-05-01
İzmir,Home,Clothing,Tablet,Yes,Returning,98.35,8,10.34,5,4.8,15.79,2016-11-01
Adana,Clothing,Debit Card,Tablet,Yes,New,128.0,7,12.75,1,3.8,38.0,2017-02-01
Mersin,Books,Cash On Delivery,Desktop,Yes,Returning,290.17,7,28.02,5,3.6799999999999997,9.22,2022-08-01
Malatya,Clothing,E-Wallet,Desktop,No,Returning,76.31,3,8.7,5,3.8,8.87,2016-07-01
Gaziantep,Beauty,E-Wallet,Desktop,Yes,New,118.76,5,11.89,7,4.4,25.83,2010-11-01
Antalya,Toys,Cash On Delivery,Desktop,Yes,New,169.1,6,18.75,5,4.4,28.156,2013-01-01
Diyarbakır,Home,Credit Card,Desktop,Yes,New,136.36,7,8.93,5,4.0,21.99,2022-11-01
Van,Books,E-Wallet,Mobile,No,Returning,176.25,8,20.36,3,4.8,46.97,2010-04-01
Antalya,Toys,E-Wallet,Desktop,No,New,285.32,1,24.85,7,3.6,50.77,2021-01-01
İstanbul,Toys,Credit Card,Desktop,No,New,475.51,6,25.01,4,4.0,99.54,2016-04-01
Diyarbakır,Beauty,Cash On Delivery,Tablet,Yes,Returning,332.03,9,16.92,3,4.2,54.59,2018-11-01
Ankara,Clothing,Debit Card,Desktop,No,New,414.36,6,51.61,7,4.6,33.71,2012-10-01
Konya,Electronics,E-Wallet,Mobile,No,Returning,377.06,5,55.96,4,3.4,102.73,2016-08-01
İstanbul,Home,Cash On Delivery,Tablet,Yes,New,177.07,7,15.2,7,4.8,51.97,2019-12-01
Adana,Electronics,Clothing,Desktop,Yes,Returning,184.51,5,15.88,6,4.9,32.04,2013-02-01
Malatya,Clothing,Credit Card,Mobile,No,New,338.58,7,35.73,5,5.0,45.8,2016-05-01
Gaziantep,Clothing,Credit Card,Mobile,No,New,160.12,4,15.68,5,4.6,34.83,2011-08-01
Bursa,Electronics,Clothing,Tablet,No,New,155.27,8,16.19,6,3.2,35.3,2012-07-01
Ankara,Electronics,E-Wallet,Desktop,No,Returning,416.14,10,54.72,2,4.04,56.7,2015-01-01
İstanbul,Beauty,E-Wallet,Mobile,No,Returning,324.43,4,30.56,3,4.4,94.25,2014-07-01
Ankara,Electronics,Credit Card,Desktop,No,New,271.72,1,14.44,6,4.7,79.67,2010-12-01
İstanbul,Clothing,E-Wallet,Tablet,Yes,Returning,489.58,5,36.14,3,3.8,43.863488,2013-05-01
Antalya,Beauty,Debit Card,Tablet,No,Returning,499.52,2,40.410000000000004,7,3.7399999999999998,84.58,2010-11-01
Diyarbakır,Electronics,Credit Card,Desktop,No,Returning,252.93200000000002,10,23.02,4,4.9,4.28,2018-05-01
Mersin,Books,Credit Card,Desktop,Yes,Returning,468.13,4,40.52,6,3.5,66.12,2013-01-01
Kayseri,Books,Cash On Delivery,Desktop,Yes,New,140.51,8,19.89,7,4.8,36.07,2020-08-01
Ankara,Electronics,Clothing,Tablet,Yes,New,435.26,4,52.35,2,3.2,31.37,2019-10-01
Samsun,Beauty,Cash On Delivery,Tablet,No,New,248.602,5,22.476000000000003,1,3.5,50.93,2021-08-01
Kayseri,Clothing,Credit Card,Tablet,No,New,238.52,7,18.19,4,4.1,62.25,2012-09-01
Diyarbakır,Books,Cash On Delivery,Tablet,Yes,Returning,160.17,5,17.11,5,3.62,42.896,2018-09-01
Adana,Beauty,Cash On Delivery,Tablet,No,Returning,299.31,8,27.67,3,3.9,43.15,2018-09-01
Diyarbakır,Electronics,E-Wallet,Tablet,No,New,87.34,2,11.77,7,4.8,3.19,2014-10-01
Malatya,Clothing,E-Wallet,Desktop,Yes,New,253.48,9,21.31,1,4.1,50.27,2022-02-01
Bursa,Home,Cash On Delivery,Mobile,Yes,New,388.53200000000004,2,33.916,6,3.2,113.17,2016-05-01
Kayseri,Home,Cash On Delivery,Desktop,Yes,New,353.91,4,28.99,2,3.2,26.047999999999995,2023-03-01
Malatya,Clothing,Cash On Delivery,Desktop,No,New,179.51,7,14.34,4,3.5,31.81,2019-04-01
Eskişehir,Clothing,Debit Card,Desktop,Yes,Returning,377.12,1,28.05,2,3.8,105.77,2015-07-01
Kayseri,Toys,Cash On Delivery,Mobile,No,New,323.22,9,19.63,6,3.6,0.52,2017-06-01
Gaziantep,Electronics,Cash On Delivery,Mobile,No,Returning,347.72,9,42.87,4,4.8,78.06,2010-10-01
Gaziantep,Home,Credit Card,Mobile,Yes,New,88.81,9,11.48,1,3.8,24.51,2015-09-01
Gaziantep,Electronics,Cash On Delivery,Tablet,No,Returning,434.56,7,39.53,3,4.9,68.57,2023-04-01
Antalya,Clothing,Clothing,Mobile,Yes,New,279.42,3,26.66,5,4.8,41.28,2018-02-01
Eskişehir,Electronics,Debit Card,Desktop,No,Returning,406.03,3,29.15,3,3.2,89.04,2018-04-01
İstanbul,Books,Debit Card,Desktop,Yes,New,453.75,2,28.79,5,4.2,90.53,2011-06-01
Mersin,Home,Cash On Delivery,Tablet,No,New,303.47,7,39.27,7,4.6,16.4,2020-08-01
Kayseri,Books,Debit Card,Tablet,No,New,100.03,2,10.6,7,4.6,20.89,2021-06-01
Malatya,Toys,E-Wallet,Desktop,Yes,New,262.976,2,34.492000000000004,2,4.6,43.24,2020-01-01
Gaziantep,Home,Debit Card,Tablet,No,New,324.65,3,45.06,2,3.2,20.23,2020-12-01
Ankara,Home,E-Wallet,Desktop,Yes,New,468.69,6,35.768,5,4.2,74.13,2013-01-01
Ankara,Home,Debit Card,Tablet,No,New,422.62,8,49.93,3,3.7,119.06,2020-03-01
Adana,Clothing,Cash On Delivery,Tablet,No,New,156.13199999999998,6,15.69,6,3.8,23.202,2014-09-01
Gaziantep,Home,Cash On Delivery,Tablet,No,New,308.3,10,30.07,3,3.6199999999999997,28.88,2017-09-01
Antalya,Home,Cash On Delivery,Desktop,No,New,219.15,1,42.712,4,4.4,31.14,2016-05-01
Ankara,Electronics,E-Wallet,Tablet,No,New,161.08,8,20.5,4,4.9,31.44,2012-04-01
Ankara,Clothing,Credit Card,Mobile,No,New,153.54,2,15.03,6,4.3,37.69,2014-01-01
Malatya,Beauty,Credit Card,Tablet,Yes,Returning,418.88,10,50.3,4,4.7,39.55,2015-02-01
Konya,Clothing,E-Wallet,Desktop,Yes,Returning,171.9,9,23.83,6,4.0,46.07,2012-08-01
İstanbul,Clothing,Credit Card,Tablet,No,Returning,268.27,6,21.48,7,3.8,21.19,2014-09-01
Antalya,Home,Credit Card,Mobile,No,Returning,284.24,9,36.49,3,3.9,27.31,2012-10-01
Adana,Clothing,E-Wallet,Tablet,Yes,Returning,308.4,9,26.38,2,4.3,35.76,2017-12-01
Adana,Electronics,E-Wallet,Mobile,Yes,New,308.48,9,45.95,2,4.4,82.07,2012-01-01
Samsun,Beauty,Cash On Delivery,Desktop,Yes,New,380.68,2,37.43,5,3.3,72.0,2013-03-01
Eskişehir,Beauty,Cash On Delivery,Mobile,No,New,413.05,8,36.8,1,3.7,82.92,2010-06-01
Ankara,Toys,Cash On Delivery,Desktop,No,Returning,362.74,8,53.17,3,3.3,74.05,2021-09-01
Trabzon,Clothing,E-Wallet,Mobile,Yes,Returning,191.49,6,10.73,2,5.0,35.54,2011-12-01
Ankara,Books,Debit Card,Tablet,Yes,Returning,379.86,9,42.068,7,4.1,80.42,2022-06-01
Adana,Toys,Credit Card,Tablet,Yes,New,265.97,2,36.76,3,4.6,26.51,2017-02-01
Van,Clothing,Cash On Delivery,Mobile,Yes,New,105.77,7,15.61,7,4.5,17.59,2015-09-01
Gaziantep,Home,Cash On Delivery,Desktop,Yes,New,172.34,5,25.69,7,4.2,35.67,2020-09-01
Konya,Beauty,Cash On Delivery,Mobile,Yes,New,51.75,9,7.61,4,3.8,2.39,2016-07-01
İstanbul,Beauty,E-Wallet,Tablet,Yes,New,453.64,5,26.89,7,3.1,106.96,2015-07-01
Ankara,Beauty,Credit Card,Tablet,Yes,New,118.09,8,17.496,1,3.9200000000000004,13.74,2011-04-01
Eskişehir,Beauty,Credit Card,Desktop,Yes,Returning,268.62,2,33.83,4,4.4,72.18,2018-12-01
Konya,Books,Cash On Delivery,Mobile,Yes,New,372.05,2,35.53,1,3.3,55.15999999999999,2019-04-01
Mersin,Beauty,Credit Card,Mobile,No,New,465.19,1,51.65,3,4.1,117.62,2016-03-01
Mersin,Clothing,E-Wallet,Tablet,Yes,New,398.82,4,27.93,2,3.4,76.88,2011-06-01
Diyarbakır,Books,E-Wallet,Mobile,Yes,Returning,100.24,9,14.57,6,4.4,18.2,2018-07-01
Kayseri,Beauty,Cash On Delivery,Desktop,No,Returning,298.76599999999996,8,33.38,1,3.2,52.096000000000004,2022-04-01
Kayseri,Clothing,Debit Card,Mobile,No,New,493.68,1,59.31,5,3.8,32.71,2013-01-01
İzmir,Clothing,Credit Card,Tablet,Yes,Returning,419.97,3,54.54,6,3.1,102.21,2011-11-01
Kayseri,Beauty,E-Wallet,Tablet,No,Returning,85.04,5,9.9,3,4.3,15.41,2022-12-01
Antalya,Books,Debit Card,Desktop,No,New,397.66,8,21.47,5,3.7,20.669999999999998,2011-03-01
Ankara,Books,Credit Card,Desktop,No,Returning,189.73,6,23.02,6,4.9,6.62,2016-11-01
Adana,Beauty,Credit Card,Tablet,No,Returning,473.42,5,45.12,2,4.4,8.02,2014-06-01
Van,Books,E-Wallet,Mobile,No,New,182.81,9,16.68,7,4.8,37.24,2014-12-01
Bursa,Electronics,Cash On Delivery,Desktop,No,New,310.98,8,35.81,3,3.8,39.5,2020-04-01
Mersin,Clothing,E-Wallet,Tablet,Yes,Returning,158.7,6,17.22,4,3.2,39.57,2011-12-01
Diyarbakır,Beauty,Credit Card,Mobile,Yes,Returning,409.97,4,31.97,7,4.8,105.38,2021-07-01
Konya,Toys,Cash On Delivery,Tablet,No,New,355.964,3,49.19,5,3.7,84.53,2012-12-01
Van,Clothing,Clothing,Tablet,Yes,New,77.54,4,4.35,4,4.8,0.98,2022-12-01
Malatya,Clothing,Credit Card,Mobile,Yes,New,244.58,9,12.49,3,4.2,20.406,2011-02-01
Bursa,Clothing,Credit Card,Mobile,No,New,420.06,5,33.9,4,4.5,13.44,2010-06-01
Ankara,Toys,Clothing,Mobile,Yes,Returning,373.92,4,40.15,2,3.9,108.41,2014-03-01
Konya,Home,Credit Card,Desktop,Yes,Returning,446.99,7,58.41,7,3.1,94.61,2019-08-01
Ankara,Clothing,Credit Card,Mobile,Yes,New,194.02,4,11.72,3,3.9,37.13,2020-05-01
İzmir,Toys,Clothing,Tablet,No,New,120.45,10,11.63,2,4.9,23.47,2012-04-01
Samsun,Home,Clothing,Mobile,Yes,New,398.22,5,23.24,4,3.2,2.42,2010-08-01
İstanbul,Clothing,Debit Card,Desktop,Yes,New,81.64,5,5.69,3,3.9,16.87,2023-07-01
Mersin,Clothing,Debit Card,Tablet,Yes,New,415.51,4,42.96,7,4.3,66.44,2016-11-01
Ankara,Home,Cash On Delivery,Mobile,Yes,Returning,133.08,4,18.16,4,3.1,19.72,2019-02-01
Eskişehir,Toys,Cash On Delivery,Desktop,No,Returning,438.32,7,49.52,2,3.9,60.97,2011-02-01
Mersin,Electronics,Credit Card,Mobile,Yes,Returning,295.5,1,33.31,6,3.9799999999999995,5.86,2015-06-01
Diyarbakır,Home,Debit Card,Tablet,Yes,New,321.34,3,42.58,6,4.8,37.01,2010-08-01
Diyarbakır,Toys,E-Wallet,Tablet,No,Returning,72.59,7,9.93,4,3.3,7.92,2014-09-01
Kayseri,Electronics,Credit Card,Tablet,Yes,New,293.86,3,23.07,5,3.5,25.84,2023-07-01
Bursa,Toys,Credit Card,Mobile,Yes,New,417.75,4,50.05,1,4.5,20.93,2016-05-01
Mersin,Clothing,Cash On Delivery,Desktop,Yes,Returning,193.3,8,12.92,7,4.0600000000000005,41.51,2013-12-01
Antalya,Toys,Debit Card,Mobile,No,New,452.51,4,59.74,2,4.2,41.34,2011-05-01
Ankara,Clothing,Credit Card,Desktop,Yes,Returning,308.59,7,30.14,4,4.7,18.45,2015-04-01
İzmir,Beauty,Clothing,Desktop,Yes,New,499.76,2,28.629714,5,3.4,39.45,2017-10-01
Diyarbakır,Toys,Debit Card,Mobile,Yes,Returning,459.92,6,67.78,5,3.5,31.42,2020-06-01
Van,Clothing,Credit Card,Desktop,No,New,302.99,1,24.83,3,4.5,61.28,2022-09-01
Ankara,Clothing,Debit Card,Tablet,No,Returning,266.37,7,31.63,5,3.8,23.312,2010-03-01
Mersin,Electronics,Cash On Delivery,Mobile,No,Returning,252.69,3,21.27,4,4.9,75.16,2023-06-01
Kayseri,Clothing,Credit Card,Desktop,Yes,New,470.09,10,66.5,2,4.7,37.42,2019-04-01
Eskişehir,Toys,Cash On Delivery,Mobile,Yes,New,418.23,4,26.78,7,4.7,38.15,2015-10-01
Adana,Beauty,Credit Card,Mobile,Yes,New,377.58,7,26.74,6,4.2,11.4,2010-05-01
Eskişehir,Beauty,E-Wallet,Desktop,No,New,414.88,8,60.38,2,3.4,49.07,2022-09-01
Ankara,Electronics,Credit Card,Mobile,Yes,New,384.09,4,35.87,1,3.3,70.11,2019-07-01
Trabzon,Toys,Credit Card,Tablet,Yes,New,340.94,2,44.72,1,3.3,5.46,2022-09-01
Adana,Clothing,E-Wallet,Desktop,Yes,New,232.61,4,20.53,2,4.5,14.39,2011-07-01
Van,Clothing,Debit Card,Desktop,Yes,Returning,102.25,8,8.87,3,4.1,28.42,2012-07-01
Gaziantep,Clothing,E-Wallet,Mobile,No,New,358.92,6,40.38,3,3.6,3.55,2013-01-01
İstanbul,Toys,Cash On Delivery,Tablet,No,Returning,87.98,2,8.58,5,3.5,17.66,2013-06-01
Samsun,Books,Cash On Delivery,Tablet,No,New,295.0,1,15.12,4,4.7,51.3,2011-08-01
Gaziantep,Clothing,Credit Card,Desktop,Yes,Returning,201.37,8,11.29,1,4.9,49.79,2020-09-01
Trabzon,Beauty,Cash On Delivery,Desktop,Yes,New,450.26,6,42.38,5,3.9,58.22,2015-11-01
Kayseri,Home,Clothing,Tablet,No,Returning,142.12,9,15.62,5,3.6,41.11,2018-12-01
Konya,Clothing,Cash On Delivery,Tablet,Yes,New,321.76,1,32.41,1,3.9,96.01,2016-02-01
Mersin,Clothing,E-Wallet,Desktop,No,New,314.55,4,26.67,1,3.4,10.49,2017-04-01
Mersin,Beauty,Debit Card,Desktop,No,Returning,335.51,5,33.22,2,4.0,29.436,2010-03-01
Diyarbakır,Toys,E-Wallet,Tablet,No,New,420.52,10,51.5,3,3.2,50.05,2018-05-01
Trabzon,Home,Debit Card,Desktop,Yes,New,101.42,10,10.46,4,3.9,26.16,2020-06-01
İstanbul,Home,Debit Card,Desktop,Yes,Returning,471.66,8,47.27,3,3.4,108.07,2015-03-01
Van,Electronics,Debit Card,Mobile,Yes,New,320.28,7,29.0,2,3.2,11.37,2013-05-01
Ankara,Clothing,E-Wallet,Desktop,Yes,Returning,94.06,8,6.35,4,4.7,13.89,2020-07-01
Adana,Electronics,Cash On Delivery,Tablet,Yes,New,58.42,3,7.0,6,4.8,3.35,2022-09-01
Ankara,Clothing,E-Wallet,Desktop,Yes,New,221.52,4,21.45,2,4.6,43.61,2014-06-01
Ankara,Beauty,Cash On Delivery,Desktop,Yes,Returning,62.33,4,4.85,7,4.8,6.78,2017-03-01
Samsun,Books,Cash On Delivery,Desktop,No,New,291.1,2,33.25,4,3.7,26.89,2013-03-01
Van,Books,Clothing,Mobile,No,Returning,311.51,7,34.004,2,3.4,53.37,2013-07-01
Konya,Toys,Credit Card,Desktop,Yes,New,344.5,5,30.03,4,3.1,47.882,2017-10-01
Ankara,Clothing,Credit Card,Desktop,No,New,291.46,3,19.16,1,3.1,11.48,2016-09-01
Malatya,Clothing,Credit Card,Desktop,Yes,New,337.6,2,45.84,6,4.6,97.46,2013-08-01
Adana,Clothing,E-Wallet,Tablet,No,Returning,263.51,5,37.26,4,4.3,40.18,2016-11-01
Ankara,Home,Credit Card,Desktop,Yes,New,362.27200000000005,4,24.01,2,4.5,63.4,2018-05-01
İstanbul,Home,Credit Card,Mobile,No,Returning,300.92,3,26.01,2,3.8,69.13,2013-11-01
Ankara,Toys,Cash On Delivery,Tablet,Yes,Returning,279.6,5,18.69,1,4.8,25.42,2020-07-01
Gaziantep,Clothing,Credit Card,Mobile,No,New,403.85,2,54.06,6,4.9,34.1,2018-11-01
Trabzon,Toys,E-Wallet,Tablet,Yes,New,174.82,10,12.5,2,4.6,13.04,2023-02-01
Van,Clothing,Debit Card,Desktop,Yes,Returning,392.79,1,24.08,4,3.1,22.04,2022-03-01
Diyarbakır,Clothing,Credit Card,Desktop,Yes,Returning,119.8,6,6.72,3,3.1,4.29,2022-12-01
Antalya,Clothing,Cash On Delivery,Desktop,Yes,New,69.8,7,10.08,5,4.7,4.28,2023-04-01
Malatya,Home,Cash On Delivery,Tablet,Yes,New,196.914,4,16.24,6,4.5,17.8,2014-04-01
Antalya,Electronics,E-Wallet,Desktop,No,New,144.91,10,21.35,2,3.9,31.88,2010-11-01
Konya,Home,Cash On Delivery,Tablet,No,New,55.01,9,5.92,4,3.7,12.62,2011-07-01
Mersin,Clothing,E-Wallet,Desktop,No,New,339.98,7,41.0,1,3.4,58.45,2020-07-01
Gaziantep,Electronics,Clothing,Desktop,Yes,New,294.32,4,42.61,4,4.6,52.64,2018-03-01
Adana,Electronics,E-Wallet,Desktop,No,Returning,437.61,10,63.48,1,3.9,118.14,2021-12-01
Diyarbakır,Home,Cash On Delivery,Desktop,No,New,64.23,2,8.46,2,3.5,0.81,2022-12-01
Van,Beauty,E-Wallet,Tablet,Yes,Returning,318.01,6,15.94,4,5.0,44.15,2013-03-01
Van,Home,Credit Card,Desktop,Yes,Returning,236.52,7,20.37,3,4.9,4.07,2014-03-01
Van,Books,Debit Card,Tablet,Yes,New,378.86,8,31.7,2,4.8,38.46,2013-04-01
İzmir,Electronics,Debit Card,Desktop,No,New,252.36600000000004,10,42.04,1,3.4,16.15,2023-09-01
Adana,Books,E-Wallet,Desktop,No,Returning,350.32,8,32.89,6,5.0,49.71,2010-03-01
Samsun,Beauty,E-Wallet,Desktop,No,New,196.38,9,23.93,3,4.6,42.35,2015-12-01
İstanbul,Books,E-Wallet,Mobile,No,New,305.35,1,30.82,6,3.1,7.05,2016-11-01
Malatya,Home,Debit Card,Mobile,No,New,200.424,6,9.72,1,3.78,14.71,2016-06-01
Ankara,Home,Cash On Delivery,Desktop,Yes,New,399.97,5,29.56,7,4.12,71.91,2010-03-01
Kayseri,Clothing,Cash On Delivery,Tablet,Yes,New,245.63,3,29.49,4,3.2,13.45,2012-12-01
Eskişehir,Toys,Clothing,Tablet,No,New,452.98,10,45.28,4,3.9,131.01,2018-04-01
Diyarbakır,Beauty,Debit Card,Desktop,Yes,Returning,369.58,4,18.53,1,4.1,96.98,2019-06-01
Samsun,Beauty,Debit Card,Mobile,Yes,New,403.9,8,51.55,5,4.0,99.31,2017-06-01
Mersin,Toys,E-Wallet,Mobile,Yes,New,83.42,4,8.31,7,3.0,5.98,2021-11-01
İstanbul,Beauty,Cash On Delivery,Tablet,Yes,New,488.97,7,34.92,1,3.8,91.35,2013-01-01
Van,Toys,Credit Card,Desktop,No,New,260.16,8,20.34,4,3.5,52.41,2018-07-01
Bursa,Electronics,Debit Card,Desktop,Yes,New,384.92,5,38.62,3,4.0,74.4,2019-04-01
Ankara,Home,Credit Card,Mobile,Yes,Returning,388.14,10,52.04,6,4.9,74.04,2014-07-01
Malatya,Toys,Cash On Delivery,Desktop,Yes,New,282.78799999999995,6,38.09,5,4.5,38.989999999999995,2018-11-01
Ankara,Toys,Credit Card,Mobile,No,Returning,205.32,6,14.07,1,4.9,21.85,2014-06-01
Van,Beauty,Debit Card,Desktop,No,Returning,219.04799999999994,8,17.022,3,3.8,6.53,2014-04-01
Konya,Books,Cash On Delivery,Desktop,Yes,New,354.51,4,23.63,5,4.0,79.04,2022-04-01
Gaziantep,Toys,Credit Card,Tablet,Yes,New,182.07,7,16.29,6,3.6,25.25,2014-10-01
Malatya,Clothing,E-Wallet,Desktop,No,New,454.94,7,50.24,4,3.1,92.14,2011-02-01
Bursa,Beauty,Debit Card,Desktop,No,New,370.7,4,36.5,2,3.44,49.87,2020-06-01
Adana,Toys,E-Wallet,Desktop,No,New,232.23,10,34.07,4,4.0,60.43,2013-05-01
Bursa,Clothing,Debit Card,Tablet,No,New,300.71,3,35.42,3,4.7,77.93,2017-04-01
Trabzon,Books,Debit Card,Tablet,No,Returning,183.78,6,17.48,6,4.6,12.22,2018-10-01
Eskişehir,Electronics,Debit Card,Desktop,No,Returning,491.26,6,26.407999999999998,2,4.4,53.04799999999999,2014-02-01
Ankara,Clothing,Cash On Delivery,Mobile,Yes,New,116.25,8,11.83,4,3.3,11.81,2019-12-01
Ankara,Home,Cash On Delivery,Mobile,No,Returning,169.66,8,23.59,4,3.1,12.03,2014-08-01
Ankara,Toys,Credit Card,Tablet,No,Returning,204.02,8,19.79,5,3.8,30.3,2019-09-01
Eskişehir,Electronics,E-Wallet,Desktop,No,Returning,330.15,1,38.37,3,3.8,8.1,2019-06-01
Kayseri,Books,Debit Card,Mobile,No,Returning,159.98,4,8.22,1,4.2,11.42,2022-04-01
Samsun,Home,Cash On Delivery,Tablet,Yes,New,286.51,3,22.838,6,3.6,20.418,2021-04-01
Malatya,Electronics,Debit Card,Tablet,Yes,New,237.35,6,33.1,3,3.5,32.26,2013-08-01
Trabzon,Beauty,Cash On Delivery,Desktop,Yes,Returning,375.48,1,33.84400000000001,7,4.1,74.42,2022-10-01
Kayseri,Books,Debit Card,Desktop,No,New,82.77,10,5.27,1,4.2,24.39,2013-12-01
Gaziantep,Electronics,Clothing,Mobile,Yes,Returning,249.44,5,24.87,6,3.5,63.75,2014-07-01
İstanbul,Clothing,Debit Card,Tablet,Yes,New,207.52,7,21.42,5,3.2,24.23,2017-05-01
Bursa,Beauty,Credit Card,Tablet,No,New,456.02,6,58.96,6,4.6,9.35,2010-08-01
İstanbul,Clothing,Credit Card,Mobile,No,New,134.73,5,13.54,7,3.9,23.113999999999997,2021-11-01
Malatya,Beauty,E-Wallet,Tablet,Yes,Returning,395.1,3,39.0,6,4.0,103.77,2015-01-01
Malatya,Electronics,Credit Card,Tablet,No,Returning,304.2099999999999,6,45.34,2,4.3,3.16,2011-08-01
Diyarbakır,Electronics,Cash On Delivery,Mobile,No,New,264.102,2,33.79,6,3.4,16.31,2022-05-01
Eskişehir,Home,Debit Card,Desktop,Yes,New,451.45,2,45.84,3,4.3,76.24,2012-06-01
Konya,Home,Clothing,Mobile,No,New,56.06,1,4.95,5,4.4,8.282,2022-07-01
Diyarbakır,Beauty,Credit Card,Tablet,Yes,New,346.5,10,35.3,3,4.0,58.03,2020-06-01
Konya,Clothing,Cash On Delivery,Tablet,Yes,New,141.5,8,8.76,4,3.0,22.5,2021-07-01
Diyarbakır,Beauty,Credit Card,Desktop,No,Returning,490.58,7,29.562,6,3.0,62.6,2013-03-01
Adana,Home,Cash On Delivery,Tablet,Yes,New,402.89,8,33.34,3,4.14,120.23,2013-12-01
Diyarbakır,Books,E-Wallet,Desktop,Yes,New,186.69,5,16.8,3,3.1,47.68,2013-03-01
Trabzon,Books,E-Wallet,Desktop,No,New,57.58,7,30.054000000000002,7,4.2,5.59,2022-05-01
Kayseri,Books,E-Wallet,Desktop,Yes,New,413.31,6,24.62,1,3.4800000000000004,90.69,2018-01-01
Samsun,Clothing,Cash On Delivery,Desktop,Yes,New,135.6,5,13.64,6,3.4,37.07,2018-08-01
Diyarbakır,Books,Debit Card,Mobile,No,Returning,499.22,9,34.13,3,4.0,136.18,2019-12-01
Malatya,Books,Credit Card,Mobile,No,New,146.32,9,21.52,3,4.1,3.75,2018-12-01
Diyarbakır,Books,E-Wallet,Tablet,No,New,310.44,4,20.38,6,4.9,31.68,2011-02-01
Konya,Toys,Debit Card,Tablet,No,New,161.69,10,23.72,4,4.3,47.16,2012-01-01
Mersin,Books,Credit Card,Desktop,Yes,Returning,57.83,6,6.54,4,3.7,10.23,2014-05-01
Eskişehir,Clothing,Debit Card,Desktop,Yes,New,367.61,4,21.61,3,3.9,64.41,2014-02-01
Samsun,Clothing,E-Wallet,Tablet,Yes,New,407.89,2,44.0,6,3.3,88.58,2011-09-01
Adana,Electronics,Cash On Delivery,Mobile,Yes,New,104.85,8,9.84,3,3.5,2.58,2018-03-01
Ankara,Toys,E-Wallet,Mobile,No,Returning,299.514,6,38.61,5,3.4,47.75,2016-06-01
Antalya,Home,E-Wallet,Tablet,Yes,New,248.02,6,30.68,7,4.0,11.13,2015-01-01
İzmir,Home,Debit Card,Desktop,Yes,New,359.12,2,37.37,1,4.8,51.91,2010-11-01
Diyarbakır,Books,Cash On Delivery,Mobile,No,Returning,73.68,6,10.32,6,3.0,18.79,2011-05-01
Bursa,Books,E-Wallet,Mobile,Yes,Returning,355.1,8,24.85,7,4.9,22.75,2019-12-01
Konya,Toys,Credit Card,Mobile,Yes,New,240.98,3,14.62,3,3.5,67.28,2017-08-01
Bursa,Toys,Cash On Delivery,Tablet,No,Returning,392.93,5,37.61,5,3.5,31.09,2016-11-01
Malatya,Toys,Debit Card,Tablet,Yes,Returning,326.88,1,34.08,1,4.1,85.73,2011-02-01
Mersin,Beauty,Credit Card,Tablet,Yes,Returning,391.68,10,56.64,5,4.8,114.12,2010-04-01
Eskişehir,Toys,Debit Card,Desktop,Yes,New,135.97,8,7.78,6,3.8,17.414,2012-11-01
Kayseri,Beauty,Clothing,Tablet,No,New,463.87,4,55.27,5,3.1,45.89,2020-09-01
Ankara,Home,Cash On Delivery,Desktop,Yes,New,305.0,6,40.17,2,3.9,35.53,2015-10-01
Ankara,Toys,Credit Card,Desktop,Yes,New,451.21,7,44.66,2,3.7,128.97,2016-05-01
Diyarbakır,Home,E-Wallet,Desktop,No,Returning,210.18,3,24.95,7,4.3,19.53,2015-03-01
Mersin,Home,Clothing,Tablet,No,Returning,86.55,1,4.53,3,4.7,3.75,2018-09-01
Kayseri,Home,E-Wallet,Desktop,No,Returning,415.35,1,28.68,4,4.3,33.74,2016-04-01
Ankara,Books,Credit Card,Mobile,No,New,121.61,4,6.8,1,4.8,29.72,2012-11-01
Malatya,Toys,Debit Card,Desktop,No,New,263.95,4,38.33,7,3.2,70.47,2015-06-01
Gaziantep,Clothing,Debit Card,Mobile,Yes,New,342.29,1,46.12,2,4.3,15.36,2019-01-01
Adana,Books,Debit Card,Mobile,Yes,New,156.37,5,8.06,4,3.8,19.742,2015-12-01
Malatya,Beauty,E-Wallet,Mobile,No,Returning,375.8,9,51.39,7,3.0,72.02,2023-03-01
Trabzon,Electronics,Cash On Delivery,Desktop,Yes,Returning,431.61,6,53.4,3,4.8,108.63,2022-05-01
İzmir,Clothing,Debit Card,Tablet,Yes,Returning,425.96,7,39.94,5,4.5,42.91,2023-11-01
Gaziantep,Electronics,Credit Card,Mobile,No,Returning,461.11,9,41.26,3,4.239999999999999,130.44,2020-02-01
Ankara,Toys,Debit Card,Desktop,No,New,176.6,5,16.12,6,3.5,35.1,2023-05-01
İzmir,Books,Debit Card,Desktop,No,Returning,105.76,7,26.546,2,3.8,29.92,2019-04-01
Adana,Books,Debit Card,Desktop,No,New,209.69,6,13.78,5,3.46,4.27,2017-01-01
Konya,Books,E-Wallet,Desktop,Yes,New,187.56,9,19.37,4,3.2,11.36,2018-08-01
Eskişehir,Home,Debit Card,Mobile,No,Returning,303.87,5,38.6,1,3.9,24.94,2020-08-01
Samsun,Beauty,Debit Card,Tablet,Yes,New,240.46,7,26.05,7,4.6,33.727999999999994,2016-02-01
Antalya,Books,Credit Card,Mobile,No,Returning,153.97,3,22.42,5,4.2,36.5,2017-12-01
Bursa,Clothing,E-Wallet,Tablet,Yes,Returning,376.76,4,20.85,4,4.2,32.8,2019-10-01
Diyarbakır,Electronics,Credit Card,Tablet,No,New,477.3,8,31.76,3,4.7,22.89,2016-02-01
Gaziantep,Clothing,Credit Card,Desktop,No,New,84.6,9,10.1,7,4.6,15.06,2013-06-01
Antalya,Home,Debit Card,Mobile,Yes,New,458.64,3,43.3,4,4.1,43.396,2021-05-01
Van,Electronics,Credit Card,Desktop,No,Returning,169.01,4,13.0,3,3.9,45.5,2021-06-01
Trabzon,Clothing,E-Wallet,Desktop,No,New,188.1,5,23.03,6,3.6,52.498000000000005,2021-08-01
Malatya,Toys,Credit Card,Desktop,Yes,Returning,116.53,5,16.86,6,4.7,12.41,2012-08-01
Van,Clothing,Credit Card,Mobile,Yes,Returning,350.78,3,37.38,6,4.1,73.35,2022-11-01
Eskişehir,Clothing,Debit Card,Desktop,No,New,334.562,8,44.83,7,3.9,103.76,2012-03-01
Eskişehir,Home,Credit Card,Tablet,No,New,461.15,6,40.97,5,3.2,84.74,2012-05-01
Antalya,Toys,Credit Card,Tablet,Yes,Returning,366.65,1,34.47,4,4.5,6.34,2021-02-01
Ankara,Beauty,E-Wallet,Mobile,Yes,New,217.6,8,26.54,2,4.3,16.83,2017-01-01
Ankara,Toys,E-Wallet,Tablet,Yes,Returning,391.09,8,26.69,4,3.8,8.16,2014-09-01
Van,Toys,Credit Card,Tablet,No,Returning,481.26,5,51.0,5,3.3,65.9,2017-02-01
Mersin,Books,Cash On Delivery,Desktop,No,New,164.14,6,22.52,4,3.0,31.83,2019-08-01
Eskişehir,Beauty,Debit Card,Desktop,No,Returning,449.16,6,43.73,7,4.0,58.7,2021-02-01
Gaziantep,Toys,Debit Card,Tablet,Yes,New,341.79,7,24.23,3,3.2,75.41,2022-08-01
Trabzon,Toys,Cash On Delivery,Desktop,Yes,New,155.99,6,16.58,1,4.1,25.17,2014-07-01
Gaziantep,Clothing,Clothing,Tablet,Yes,New,169.31,4,13.77,3,4.0600000000000005,30.25,2011-10-01
Malatya,Electronics,E-Wallet,Desktop,Yes,New,126.38,3,18.7,1,3.1,1.91,2015-04-01
Ankara,Books,E-Wallet,Tablet,Yes,New,317.54,7,17.91,4,4.0,21.01,2019-05-01
Van,Clothing,Credit Card,Desktop,No,Returning,405.96,1,32.35,6,4.1,76.87,2014-07-01
Van,Books,Credit Card,Mobile,Yes,Returning,164.89600000000002,6,11.57,4,4.4,26.82,2014-12-01
Ankara,Beauty,Credit Card,Desktop,Yes,Returning,89.64,7,12.92,1,3.7,25.51,2017-06-01
Ankara,Beauty,E-Wallet,Mobile,Yes,New,307.072,7,50.88,7,3.5799999999999996,32.35,2022-10-01
Adana,Books,Credit Card,Tablet,No,Returning,105.46,2,11.88,2,4.4,26.098000000000003,2022-02-01
Eskişehir,Books,Debit Card,Tablet,No,New,94.55,1,15.575999999999999,5,3.1,18.59,2012-06-01
Konya,Home,Credit Card,Mobile,No,Returning,257.19,7,28.07,5,3.3,65.69,2010-05-01
Malatya,Beauty,Debit Card,Mobile,No,New,386.81,1,22.43,5,4.7,55.7,2016-07-01
İzmir,Books,Credit Card,Desktop,No,New,193.48,6,21.1,2,4.4,38.3,2010-09-01
Diyarbakır,Beauty,Credit Card,Tablet,Yes,Returning,307.0,5,17.48,3,3.3,82.4,2018-04-01
Samsun,Clothing,Debit Card,Tablet,Yes,New,413.56,7,38.16,3,4.2,70.24,2010-10-01
İstanbul,Toys,Cash On Delivery,Tablet,Yes,New,447.5,1,54.42,4,3.9,22.62,2016-08-01
İzmir,Beauty,Clothing,Mobile,Yes,Returning,237.406,5,19.084000000000003,2,4.3,0.87,2010-11-01
Bursa,Books,Debit Card,Desktop,No,New,165.0,8,9.02,3,4.0,34.16,2015-05-01
Ankara,Home,Cash On Delivery,Desktop,Yes,New,442.98,1,37.82,5,4.18,2.2,2017-08-01
Eskişehir,Toys,Credit Card,Mobile,Yes,New,358.54,8,24.3,3,4.1,67.48,2023-06-01
Antalya,Books,Cash On Delivery,Desktop,Yes,New,179.52,7,13.68,2,3.9,25.06,2020-05-01
Ankara,Electronics,Debit Card,Tablet,No,New,290.2,3,34.82,7,3.9,79.2,2014-09-01
Mersin,Toys,Cash On Delivery,Desktop,Yes,Returning,90.29,2,14.916000000000002,6,4.2,9.49,2018-09-01
Trabzon,Toys,Cash On Delivery,Tablet,No,Returning,192.87,8,28.23,1,3.5,8.65,2023-01-01
Antalya,Electronics,Credit Card,Tablet,No,New,279.29,5,20.07,3,4.7,62.82,2017-12-01
Konya,Beauty,Credit Card,Mobile,Yes,Returning,126.4,2,9.04,6,3.6,37.87,2014-05-01
Mersin,Home,E-Wallet,Desktop,No,Returning,230.98,6,15.48,5,3.4,4.83,2022-11-01
Trabzon,Clothing,Debit Card,Desktop,Yes,New,363.8,10,41.77,2,3.6,38.79,2015-10-01
Malatya,Beauty,E-Wallet,Desktop,Yes,Returning,399.58,6,44.63,6,4.3,15.83,2014-11-01
İstanbul,Books,Cash On Delivery,Desktop,Yes,Returning,342.22,6,43.92,4,4.6,54.18800000000001,2019-10-01
İstanbul,Books,Debit Card,Mobile,Yes,Returning,64.66,2,9.14,3,3.8,17.14,2014-06-01
İzmir,Clothing,Clothing,Mobile,No,Returning,456.59,5,43.24,7,3.5,100.38,2014-09-01
Ankara,Electronics,E-Wallet,Desktop,No,Returning,409.26,4,38.04,1,3.7600000000000002,120.57,2021-05-01
Ankara,Books,Cash On Delivery,Mobile,Yes,New,294.47,8,38.08,4,3.4,63.38,2011-03-01
Trabzon,Beauty,Cash On Delivery,Desktop,No,Returning,84.91,10,7.56,4,4.3,18.45,2019-03-01
Bursa,Home,Credit Card,Desktop,Yes,Returning,88.97,1,10.62,4,3.3,15.15,2016-02-01
Ankara,Electronics,Debit Card,Desktop,Yes,Returning,243.04,5,24.63,7,4.1,69.81,2020-08-01
Ankara,Books,Cash On Delivery,Desktop,Yes,New,233.47,4,16.42,6,4.4,25.59,2022-09-01
Ankara,Home,E-Wallet,Mobile,Yes,Returning,145.46,6,34.42,4,4.279999999999999,37.01,2020-10-01
Konya,Books,Credit Card,Tablet,No,New,323.9,10,28.17,5,4.5,28.25,2020-02-01
Trabzon,Clothing,E-Wallet,Desktop,Yes,Returning,138.68,9,34.25599999999999,7,3.5,39.99,2020-02-01
Gaziantep,Electronics,Cash On Delivery,Tablet,Yes,New,404.87800000000004,6,50.5,5,4.7,66.88199999999999,2020-01-01
Trabzon,Books,Cash On Delivery,Tablet,No,New,468.09,8,32.97,2,4.6,90.8,2022-04-01
Adana,Clothing,Credit Card,Mobile,No,Returning,374.68,7,37.86,4,4.1,20.57,2023-12-01
İstanbul,Beauty,Cash On Delivery,Tablet,No,New,466.45,8,40.4,3,4.8,66.66,2020-03-01
Van,Clothing,Cash On Delivery,Desktop,Yes,Returning,334.81,7,30.81,5,4.6,53.85,2016-11-01
Van,Home,Credit Card,Tablet,Yes,Returning,276.57,5,36.076,1,5.0,52.45,2019-08-01
Gaziantep,Beauty,E-Wallet,Tablet,No,Returning,240.256,4,51.94,1,5.0,6.45,2020-04-01
Van,Clothing,Debit Card,Mobile,Yes,Returning,276.56,6,23.36,2,3.6,6.48,2018-04-01
Van,Clothing,Cash On Delivery,Desktop,Yes,New,446.34,5,30.54,7,3.8,85.24,2011-07-01
Bursa,Beauty,Credit Card,Tablet,Yes,New,51.85,6,28.1,4,3.1,57.084,2013-11-01
Antalya,Beauty,Credit Card,Desktop,Yes,New,135.48,2,10.23,2,3.2,24.49,2018-05-01
Konya,Electronics,Debit Card,Tablet,Yes,New,469.3,7,31.81,1,3.1,118.88,2018-06-01
Gaziantep,Toys,E-Wallet,Desktop,No,New,298.44,2,38.34,3,3.7,14.74,2017-09-01
Diyarbakır,Toys,Cash On Delivery,Mobile,Yes,Returning,427.94,6,39.333999999999996,1,4.9,54.86,2010-01-01
Antalya,Electronics,Debit Card,Desktop,No,New,338.52,5,33.73,2,4.1,18.16,2022-04-01
İzmir,Clothing,E-Wallet,Tablet,Yes,Returning,442.16,7,43.69,5,3.7,33.33,2023-03-01
Bursa,Toys,Debit Card,Tablet,No,New,259.954,4,17.08,3,4.6,46.25,2018-04-01
Samsun,Clothing,Cash On Delivery,Desktop,Yes,Returning,152.31,4,22.13,5,4.6,35.45,2021-12-01
Trabzon,Beauty,Cash On Delivery,Tablet,Yes,Returning,367.65,9,51.19,1,4.6,11.58,2017-02-01
İstanbul,Beauty,Credit Card,Desktop,Yes,Returning,134.95,10,36.95399999999999,3,4.6,39.64,2019-04-01
Gaziantep,Toys,Debit Card,Mobile,Yes,Returning,429.89,3,55.96,3,5.0,7.22,2013-09-01
Diyarbakır,Clothing,Clothing,Desktop,No,Returning,394.76,10,53.82,5,4.4,130.88,2016-05-01
İstanbul,Beauty,Cash On Delivery,Desktop,No,New,437.86,7,29.89,1,4.0200000000000005,36.1,2023-04-01
İzmir,Clothing,E-Wallet,Mobile,No,New,289.78599999999994,7,21.663999999999998,5,4.9,29.29,2010-01-01
Samsun,Books,E-Wallet,Desktop,Yes,New,158.09,7,17.37,2,4.4,0.48,2013-02-01
Antalya,Beauty,Credit Card,Desktop,Yes,Returning,329.41,9,46.77,2,4.7,1.61,2013-06-01
Ankara,Clothing,Debit Card,Desktop,Yes,New,313.22,4,15.98,5,3.5,17.21,2019-12-01
Trabzon,Clothing,Debit Card,Tablet,Yes,New,155.52,10,16.46,3,4.6,10.39,2012-04-01
Diyarbakır,Toys,E-Wallet,Desktop,Yes,New,325.47,2,21.85,4,4.1,77.14,2010-05-01
Ankara,Books,Credit Card,Tablet,Yes,Returning,354.16,3,36.21,3,4.2,73.14,2022-12-01
Samsun,Home,E-Wallet,Desktop,Yes,Returning,175.73,8,25.38,1,3.5,13.42,2010-05-01
Kayseri,Clothing,E-Wallet,Mobile,Yes,New,330.57000000000005,6,30.21,5,3.9,96.43,2022-07-01
Konya,Clothing,Debit Card,Desktop,Yes,Returning,432.69,7,62.45,4,3.9,85.09,2023-07-01
Diyarbakır,Toys,E-Wallet,Tablet,No,Returning,341.11,8,43.8,5,3.9,41.6,2017-10-01
Ankara,Toys,Debit Card,Desktop,No,New,478.05,3,55.08,3,3.0,45.11,2011-10-01
Ankara,Electronics,Debit Card,Tablet,Yes,New,349.844,2,56.66,1,3.7599999999999993,42.3,2018-07-01
İstanbul,Home,E-Wallet,Desktop,Yes,New,444.69,4,60.63,3,4.6,77.28,2019-10-01
Ankara,Electronics,Debit Card,Mobile,Yes,New,137.59,9,14.74,5,4.3,40.29,2017-07-01
Eskişehir,Books,Cash On Delivery,Desktop,Yes,New,88.71,8,8.67,5,3.2,15.8,2016-07-01
Kayseri,Clothing,Clothing,Tablet,No,New,356.236,7,48.54,3,3.3,96.79,2017-04-01
Ankara,Electronics,E-Wallet,Desktop,Yes,Returning,224.85,6,29.01,1,4.3,15.91,2022-09-01
Ankara,Clothing,Cash On Delivery,Desktop,No,Returning,293.858,3,27.18,4,3.1,25.16,2021-05-01
Mersin,Books,Credit Card,Tablet,Yes,Returning,284.11,3,23.07,5,4.3,7.35,2015-12-01
Malatya,Home,Credit Card,Mobile,No,New,388.94,10,55.06,1,4.7,95.11,2013-08-01
Konya,Home,Credit Card,Tablet,No,Returning,93.67,4,7.95,4,4.040000000000001,12.14,2018-05-01
Bursa,Books,Clothing,Tablet,No,Returning,117.524,7,5.58,4,4.3,7.76,2022-11-01
Adana,Clothing,Cash On Delivery,Tablet,No,New,339.31,3,21.77,3,4.4,85.59,2021-11-01
Ankara,Books,Debit Card,Desktop,No,New,488.09,4,27.69,2,3.7,96.77,2020-03-01
İzmir,Beauty,Credit Card,Mobile,No,Returning,341.17199999999997,6,22.15,2,4.3,20.14,2019-06-01
Kayseri,Toys,Cash On Delivery,Mobile,Yes,Returning,395.15,5,30.496,3,4.2,113.18,2019-08-01
İstanbul,Electronics,E-Wallet,Mobile,No,Returning,358.75,7,35.86,5,4.3,39.64,2019-12-01
Kayseri,Clothing,Credit Card,Desktop,Yes,Returning,234.06,3,13.76,4,4.6,31.672000000000004,2010-06-01
Adana,Electronics,Credit Card,Desktop,Yes,New,346.71,3,37.24,4,3.8800000000000003,35.08,2012-11-01
Eskişehir,Electronics,Credit Card,Tablet,Yes,New,385.33,5,53.93,5,4.1,112.49,2012-03-01
Van,Beauty,Debit Card,Desktop,Yes,Returning,55.42,1,45.568,1,4.3,4.6,2017-01-01
Gaziantep,Toys,Debit Card,Desktop,No,New,191.37,10,21.98,1,4.4,31.381999999999998,2020-12-01
Kayseri,Toys,Debit Card,Tablet,No,Returning,475.78,8,30.15,4,4.2,88.38,2013-08-01
Malatya,Clothing,Debit Card,Tablet,Yes,Returning,344.78,5,23.74,2,4.3,10.27,2011-03-01
Samsun,Toys,Debit Card,Tablet,Yes,New,360.87,1,38.926,3,4.5,87.16,2018-03-01
Van,Electronics,Cash On Delivery,Tablet,No,Returning,201.25,3,38.354,2,4.0600000000000005,59.0,2022-02-01
İstanbul,Clothing,Debit Card,Desktop,No,Returning,232.57799999999997,6,20.99,3,4.260000000000001,43.58,2016-02-01
Van,Home,E-Wallet,Desktop,No,Returning,230.77,8,25.582,5,3.6,67.42,2017-07-01
Ankara,Clothing,Credit Card,Mobile,No,Returning,482.37,5,40.28,6,3.2,52.474000000000004,2023-01-01
İstanbul,Electronics,Cash On Delivery,Desktop,Yes,Returning,81.99,8,11.63,6,5.0,12.25,2022-05-01
Malatya,Electronics,Debit Card,Desktop,Yes,Returning,147.0,1,9.81,5,4.0600000000000005,27.48,2016-01-01
Adana,Beauty,Debit Card,Mobile,No,New,72.85,2,8.79,1,3.7,8.49,2013-06-01
Bursa,Beauty,Credit Card,Tablet,Yes,New,121.31,1,9.45,7,4.5,18.42,2013-03-01
Diyarbakır,Toys,E-Wallet,Mobile,Yes,New,125.78,1,15.31,6,3.5,10.95,2016-05-01
Ankara,Electronics,Cash On Delivery,Desktop,No,New,439.44,2,31.27,1,3.1,114.93,2012-01-01
Samsun,Electronics,E-Wallet,Tablet,Yes,Returning,116.94,6,23.389999999999997,6,3.7,15.859999999999996,2017-02-01
Ankara,Books,Credit Card,Desktop,Yes,New,308.76800000000003,6,3.82,3,3.7,10.53,2012-02-01
Kayseri,Clothing,Cash On Delivery,Tablet,No,Returning,217.78,10,11.4,5,3.4,30.634000000000004,2020-12-01
Bursa,Electronics,Credit Card,Tablet,No,New,458.56,7,45.63,3,4.0,46.77,2010-07-01
Eskişehir,Toys,Cash On Delivery,Tablet,No,Returning,142.42,4,14.02,7,4.1,28.13,2010-10-01
İzmir,Home,Debit Card,Tablet,Yes,Returning,322.57,1,21.4,6,3.1,43.51,2021-03-01
Van,Clothing,E-Wallet,Tablet,No,New,441.92,5,55.36,3,4.6,28.15,2013-03-01
Kayseri,Books,E-Wallet,Desktop,Yes,New,494.68,10,69.09,3,3.4,63.43,2021-08-01
Trabzon,Clothing,E-Wallet,Desktop,Yes,Returning,310.58,6,27.35,2,4.4,56.92,2015-07-01
Diyarbakır,Electronics,Cash On Delivery,Desktop,No,New,180.04,5,19.784,7,3.3,26.67,2015-10-01
Eskişehir,Clothing,Credit Card,Mobile,Yes,Returning,229.94,9,30.75,5,4.9,24.44,2010-10-01
Mersin,Beauty,Debit Card,Tablet,No,New,233.7,9,32.22,2,4.7,28.7,2015-12-01
Mersin,Electronics,Credit Card,Tablet,Yes,Returning,421.4,4,32.1,7,4.1,34.69,2015-02-01
Ankara,Books,Credit Card,Desktop,Yes,New,142.54,4,14.28,3,3.7,19.52,2012-02-01
Trabzon,Clothing,Cash On Delivery,Mobile,Yes,New,163.95,4,17.33,5,4.0,38.48,2023-04-01
Konya,Electronics,E-Wallet,Mobile,Yes,Returning,417.6,10,32.17,2,3.8600000000000003,81.77,2020-12-01
Adana,Toys,Credit Card,Mobile,No,Returning,340.73,6,20.28,4,3.5,74.94,2014-12-01
Eskişehir,Home,Debit Card,Tablet,No,New,157.06,3,17.61,3,3.3,15.83,2019-09-01
İzmir,Toys,E-Wallet,Mobile,No,New,355.31,8,50.7,4,3.5,68.13,2012-05-01
Adana,Books,E-Wallet,Mobile,Yes,New,306.04,9,41.57,7,4.0,24.96,2019-06-01
Malatya,Electronics,Debit Card,Desktop,Yes,New,394.64,6,48.17,1,4.4,8.65,2021-05-01
Antalya,Books,E-Wallet,Tablet,No,Returning,439.2,7,35.06,6,3.2,34.86,2022-04-01
Trabzon,Home,E-Wallet,Mobile,No,Returning,71.47,8,7.11,4,4.1,14.28,2017-12-01
Trabzon,Clothing,Cash On Delivery,Desktop,No,New,266.62,10,22.24,7,4.7,18.7,2010-05-01
İzmir,Books,Cash On Delivery,Desktop,No,New,149.04,5,11.27,5,5.0,43.99,2012-07-01
Bursa,Electronics,Cash On Delivery,Tablet,No,New,173.45,9,21.25,4,3.7,6.46,2022-01-01
Eskişehir,Home,E-Wallet,Desktop,Yes,New,280.37,7,17.38,2,3.9599999999999995,43.02,2013-05-01
Konya,Home,Credit Card,Tablet,No,Returning,371.27,5,35.84,1,3.9,18.47,2019-01-01
Bursa,Books,Debit Card,Mobile,Yes,New,171.05,2,19.51,3,4.8,31.05,2021-03-01
Ankara,Books,Debit Card,Desktop,No,New,134.69,6,19.18,1,3.4,33.0,2015-01-01
Bursa,Books,Debit Card,Tablet,No,New,496.65,10,65.23,1,4.5,79.52,2011-04-01
Van,Clothing,Clothing,Mobile,Yes,New,246.51,4,15.95,2,4.9,40.43,2016-04-01
Ankara,Beauty,E-Wallet,Desktop,No,Returning,257.44,3,22.61,4,3.3,72.01,2014-04-01
Eskişehir,Electronics,Debit Card,Tablet,No,Returning,341.32,8,27.16,7,4.2,8.56,2018-07-01
Gaziantep,Home,Credit Card,Mobile,Yes,New,96.54,8,13.87,3,3.1,8.62,2015-10-01
Malatya,Electronics,E-Wallet,Tablet,Yes,Returning,449.64,1,66.98,4,4.4,83.6,2014-05-01
Ankara,Books,Credit Card,Tablet,Yes,Returning,58.78,9,7.31,7,3.4,8.56,2011-12-01
Ankara,Electronics,Debit Card,Mobile,Yes,New,127.62,5,26.082,5,4.4,22.88,2010-02-01
Gaziantep,Clothing,Debit Card,Desktop,Yes,Returning,410.1,1,38.67,2,4.6,3.27,2021-11-01
Adana,Books,Debit Card,Desktop,Yes,New,425.0,6,60.04,4,3.3,20.98,2012-11-01
Konya,Books,Credit Card,Mobile,No,Returning,495.57,6,61.8,5,4.6,125.98,2014-07-01
Eskişehir,Home,Cash On Delivery,Mobile,Yes,Returning,301.25,7,35.2,1,3.7,30.33,2019-03-01
Bursa,Electronics,Credit Card,Desktop,No,New,99.61,3,13.254000000000001,5,4.4,7.96,2022-10-01
Mersin,Home,Clothing,Desktop,No,New,173.99,7,18.52,2,3.9,42.46,2015-10-01
Ankara,Toys,Cash On Delivery,Tablet,Yes,Returning,449.99,8,41.11,2,3.7,56.82,2016-06-01
Kayseri,Clothing,Debit Card,Desktop,Yes,New,403.33,6,34.01,3,3.4,60.17,2010-04-01
Gaziantep,Books,Clothing,Mobile,Yes,New,223.31,1,15.5,1,3.9,44.55,2020-11-01
Adana,Beauty,Cash On Delivery,Tablet,No,New,216.19,8,19.31,1,3.8200000000000003,59.69,2023-09-01
Trabzon,Clothing,E-Wallet,Desktop,Yes,New,311.41,5,20.49,3,3.7,63.96,2020-04-01
Ankara,Books,Debit Card,Mobile,Yes,Returning,106.62,9,5.6,4,3.7,18.82,2011-05-01
Eskişehir,Toys,Credit Card,Desktop,Yes,New,313.67,6,32.34,1,3.1,28.04,2012-11-01
Gaziantep,Electronics,Debit Card,Desktop,Yes,Returning,460.22,5,47.55,1,3.78,99.76,2013-04-01
Samsun,Beauty,Cash On Delivery,Mobile,No,New,362.6,1,25.06,3,4.4,51.91,2019-12-01
Van,Beauty,E-Wallet,Tablet,No,Returning,238.44,9,30.19,1,3.6,69.66,2019-03-01
Ankara,Home,Debit Card,Tablet,Yes,New,178.68,3,22.85,5,4.3,39.7,2010-05-01
Eskişehir,Toys,Cash On Delivery,Desktop,Yes,Returning,483.65,6,31.21,2,4.4,120.23,2020-04-01
Van,Home,Cash On Delivery,Mobile,Yes,Returning,242.54,4,25.1,3,4.5,32.92,2010-04-01
Konya,Clothing,Debit Card,Mobile,Yes,Returning,98.76,9,13.79,5,3.7,28.68,2022-03-01
Antalya,Electronics,Cash On Delivery,Mobile,No,Returning,277.99,4,23.99,3,3.1,56.55,2011-07-01
Konya,Electronics,Cash On Delivery,Desktop,Yes,New,484.16,1,28.94,2,5.0,83.51,2018-02-01
İzmir,Home,Debit Card,Mobile,No,New,294.57,9,24.67,2,3.7,22.71,2013-09-01
Adana,Books,E-Wallet,Mobile,No,New,230.73,4,33.66,1,3.9,40.56,2014-09-01
Adana,Electronics,E-Wallet,Desktop,Yes,New,219.47,1,25.8,6,3.6,20.62,2022-10-01
Ankara,Clothing,E-Wallet,Desktop,Yes,New,440.7,10,47.37,3,3.5,83.36,2018-06-01
Mersin,Electronics,E-Wallet,Desktop,Yes,Returning,212.598,9,18.44,3,4.9,31.34,2013-07-01
Ankara,Electronics,Debit Card,Tablet,No,Returning,469.38,4,35.872,2,4.1,63.79,2022-05-01
Konya,Clothing,Debit Card,Desktop,Yes,New,487.73,5,32.87,1,3.9200000000000004,84.91,2018-02-01
Diyarbakır,Books,Credit Card,Desktop,No,Returning,245.8,7,24.79,7,3.0,18.28,2014-09-01
Mersin,Home,Clothing,Mobile,Yes,Returning,300.596,6,35.38,4,4.7,71.44,2013-07-01
Diyarbakır,Books,Credit Card,Mobile,No,New,291.33,9,38.51,5,3.5,19.67,2023-01-01
Van,Clothing,Credit Card,Tablet,Yes,New,71.5,1,8.41,7,4.0,0.72,2014-12-01
İzmir,Beauty,Clothing,Tablet,Yes,New,72.96,7,3.86,4,4.0,1.41,2018-04-01
Trabzon,Toys,Credit Card,Desktop,Yes,New,368.28,8,40.77,7,3.2,62.42,2018-06-01
Diyarbakır,Books,Cash On Delivery,Mobile,Yes,New,70.0,6,4.88,1,4.380000000000001,9.47,2019-06-01
İzmir,Clothing,Credit Card,Tablet,No,Returning,446.15,7,45.052,1,4.1,72.042,2014-09-01
Mersin,Beauty,E-Wallet,Mobile,Yes,Returning,242.03,4,21.66,2,4.1,56.93,2014-11-01
Antalya,Beauty,E-Wallet,Tablet,No,Returning,82.51,4,9.67,6,3.7,5.62,2010-05-01
İstanbul,Electronics,E-Wallet,Mobile,Yes,New,416.12,2,26.439999999999998,5,4.3,3.33,2021-07-01
Mersin,Beauty,Credit Card,Mobile,No,New,50.53,6,5.62,6,3.8,1.16,2011-07-01
Mersin,Electronics,Cash On Delivery,Mobile,Yes,Returning,122.806,4,8.79,4,3.2,17.24,2016-04-01
Mersin,Toys,Credit Card,Mobile,No,New,418.09,2,22.6,5,3.2,18.98,2013-08-01
Samsun,Books,E-Wallet,Desktop,Yes,New,491.23,2,24.72,4,4.9,93.22,2019-12-01
Van,Clothing,Credit Card,Tablet,Yes,New,210.07,4,19.56,3,3.4,3.31,2010-01-01
Mersin,Home,Cash On Delivery,Desktop,Yes,New,230.7,2,31.1,6,4.2,68.24199999999999,2013-08-01
Kayseri,Electronics,Credit Card,Tablet,No,New,392.09,2,29.07,5,3.1,21.78,2019-10-01
İzmir,Toys,Credit Card,Tablet,Yes,New,90.916,3,6.12,7,3.6,7.63,2011-01-01
İzmir,Toys,Credit Card,Tablet,Yes,Returning,226.06,10,23.7,7,3.9,42.44,2011-03-01
Malatya,Toys,Cash On Delivery,Mobile,Yes,Returning,315.268,1,40.33,6,3.8,36.67,2013-05-01
Diyarbakır,Clothing,E-Wallet,Tablet,Yes,New,75.96,4,5.56,5,4.7,9.48,2015-10-01
Ankara,Clothing,Debit Card,Desktop,No,Returning,167.75,3,12.88,7,3.6000000000000005,6.15,2011-05-01
Ankara,Beauty,Cash On Delivery,Desktop,Yes,New,293.6,2,15.32,3,3.7,15.31,2018-05-01
İstanbul,Books,E-Wallet,Mobile,No,New,65.22,6,5.98,3,3.6,16.52,2019-10-01
Diyarbakır,Electronics,E-Wallet,Mobile,No,New,335.15,2,49.73,5,4.0,86.73,2016-05-01
Malatya,Electronics,Debit Card,Tablet,Yes,New,214.29,1,31.9,1,3.1,33.1,2013-10-01
Gaziantep,Home,Credit Card,Desktop,Yes,Returning,328.348,6,40.6,6,3.7,47.59,2017-08-01
Mersin,Clothing,Cash On Delivery,Desktop,Yes,Returning,83.31,4,33.54600000000001,4,3.2,5.34,2019-04-01
Ankara,Clothing,E-Wallet,Tablet,Yes,New,157.65,9,16.55,2,3.7,13.17,2010-07-01
Antalya,Electronics,E-Wallet,Tablet,Yes,Returning,119.952,4,9.72,3,3.3,0.3,2021-05-01
Kayseri,Electronics,Credit Card,Tablet,Yes,New,437.7,6,29.56,4,4.0,43.75,2018-05-01
Samsun,Electronics,Debit Card,Mobile,No,Returning,453.37,5,30.21,7,3.9,0.18,2019-07-01
Eskişehir,Books,Cash On Delivery,Mobile,No,Returning,351.79,5,19.69,6,4.0,71.97,2014-08-01
Gaziantep,Home,E-Wallet,Tablet,No,New,161.2,5,20.43,4,4.7,44.06,2018-01-01
İstanbul,Electronics,Clothing,Desktop,Yes,Returning,473.26,7,28.81,5,4.5,26.64,2010-01-01
Gaziantep,Books,Credit Card,Tablet,Yes,Returning,417.91,2,30.947999999999997,6,3.96,42.01,2010-02-01
Konya,Books,E-Wallet,Desktop,Yes,New,370.95,10,41.38,2,4.0,81.68,2017-11-01
Antalya,Toys,Cash On Delivery,Mobile,Yes,New,354.96,7,23.67,3,3.9,72.34,2016-04-01
Trabzon,Books,Cash On Delivery,Tablet,No,New,148.64,8,22.26,4,3.4,17.886,2010-12-01
Antalya,Electronics,Credit Card,Tablet,No,Returning,192.26,9,27.56,7,3.8,21.75,2011-05-01
Adana,Home,E-Wallet,Mobile,Yes,Returning,418.02,3,28.74,1,3.9,72.21,2020-12-01
Konya,Toys,E-Wallet,Mobile,No,New,118.91,8,9.85,5,3.3,35.31,2014-06-01
Konya,Home,Cash On Delivery,Mobile,Yes,New,427.71,8,50.38,6,4.4,119.09,2014-11-01
Diyarbakır,Books,E-Wallet,Mobile,Yes,Returning,62.08,5,9.06,7,4.5,16.07,2021-09-01
Samsun,Electronics,Credit Card,Tablet,No,New,494.58,2,48.71,5,4.5,51.31,2021-05-01
Adana,Beauty,Debit Card,Desktop,No,New,466.84,10,29.21,4,3.3,69.36,2015-08-01
Malatya,Clothing,Debit Card,Mobile,Yes,New,337.62,6,42.29,5,3.2,97.34,2015-10-01
Samsun,Beauty,Cash On Delivery,Tablet,No,Returning,326.34,9,22.88,3,3.5,54.69,2019-08-01
İzmir,Electronics,Cash On Delivery,Tablet,Yes,New,190.73,10,10.41,6,3.1,29.62,2019-10-01
İzmir,Electronics,Credit Card,Desktop,No,New,65.99,6,7.9,4,3.54,16.12,2010-05-01
Eskişehir,Toys,Credit Card,Tablet,No,Returning,374.67,7,26.333999999999996,5,4.1,1.7,2021-08-01
